"actor","repository_language","pushes"
"breunigs","Go","48"
"quarnster","Go","225"
"piotrnar","Go","1006"
"peterbourgon","Go","267"
"gwenn","Go","82"
"halafi","Go","42"
"calmh","Go","287"
"jinzhu","Go","110"
"tav","Go","113"
"shell909090","Go","26"
"stapelberg","Go","21"
"buganini","Go","13"
"tyokoyama","Go","25"
"mvo5","Go","15"
"allenessy","Go","461"
"gyuholee","Go","1048"
"xoba","Go","83"
"felixge","Go","296"
"arnehormann","Go","181"
"jessevdk","Go","81"
"dotmanish","Go","11"
"sellweek","Go","96"
"subosito","Go","95"
"azer","Go","109"
"navy1125","Go","77"
"sbinet","Go","580"
"karlseguin","Go","147"
"mpl","Go","68"
"jimmykuu","Go","112"
"mssola","Go","56"
"SvenDowideit","Go","90"
"sunminghong","Go","22"
"FreekKalter","Go","49"
"tanema","Go","76"
"ungerik","Go","104"
"reusee","Go","212"
"astaxie","Go","679"
"olt","Go","17"
"hermanschaaf","Go","73"
"mischief","Go","117"
"TepMex","Go","16"
"jgr2","Go","24"
"mattn","Go","628"
"neeee","Go","880"
"LinnykS","Go","12"
"keep94","Go","57"
"jbaikge","Go","210"
"shxsun","Go","170"
"oleiade","Go","95"
"dgryski","Go","266"
"mzimmerman","Go","100"
"gnomesysadmins","Go","48"
"fsouza","Go","970"
"barnex","Go","190"
"dvoet","Go","16"
"3XX0","Go","30"
"timob","Go","19"
"jondot","Go","29"
"mattoddie","Go","21"
"Terry-Mao","Go","94"
"cviedmai","Go","19"
"muesli","Go","96"
"satyrius","Go","34"
"simonjefford","Go","11"
"Jackong","Go","78"
"cxmcc","Go","25"
"snyh","Go","42"
"conformal-deploy","Go","922"
"MiCHiLU","Go","20"
"c9s","Go","288"
"pilu","Go","143"
"divan","Go","21"
"ds300","Go","11"
"purzelrakete","Go","164"
"kwilczynski","Go","90"
"kelseyhightower","Go","411"
"mdwhatcott","Go","215"
"droyo","Go","22"
"matm","Go","141"
"jtakkala","Go","34"
"vito","Go","294"
"jvshahid","Go","186"
"bgentry","Go","243"
"npadmana","Go","208"
"noxiouz","Go","30"
"onsi","Go","354"
"ludamad","Go","55"
"caglar10ur","Go","141"
"shykes","Go","552"
"rogaha","Go","42"
"milesoc","Go","22"
"dradtke","Go","121"
"timtadh","Go","57"
"cwc","Go","62"
"ryanbressler","Go","171"
"mkobetic","Go","19"
"crankycoder","Go","246"
"grsmv","Go","145"
"jnwhiteh","Go","1956"
"markchadwick","Go","47"
"benbjohnson","Go","444"
"marksteve","Go","35"
"miku","Go","72"
"wwwjscom","Go","12"
"vieux","Go","477"
"StefanKjartansson","Go","94"
"pavel-paulau","Go","32"
"trink","Go","133"
"nicolai86","Go","25"
"strider-","Go","36"
"itsmeduncan","Go","26"
"jhillyerd","Go","67"
"AndyHaskell","Go","102"
"beatgammit","Go","67"
"cf-bosh","Go","639"
"bcwaldon","Go","31"
"pierrre","Go","421"
"philips","Go","306"
"mediocregopher","Go","185"
"dmuth","Go","107"
"inhies","Go","141"
"colons","Go","41"
"tleyden","Go","190"
"cf-services","Go","79"
"LarryBattle","Go","182"
"krig","Go","46"
"ratrocket","Go","21"
"andres-erbsen","Go","26"
"c00w","Go","150"
"jroes","Go","41"
"thinkofdeath","Go","162"
"drbawb","Go","151"
"mreiferson","Go","972"
"3M3RY","Go","89"
"cf-frontend","Go","87"
"daaku","Go","434"
"andreadipersio","Go","43"
"cfromknecht","Go","121"
"deafbybeheading","Go","110"
"xuyu","Go","190"
"karlgrz","Go","14"
"hajimehoshi","Go","99"
"kentaro","Go","60"
"r7kamura","Go","70"
"meatballhat","Go","299"
"tarrsalah","Go","14"
"realistschuckle","Go","60"
"andreas-gone-wild","Go","49"
"changkong","Go","148"
"jbuchbinder","Go","85"
"go-av","Go","144"
"xiegeo","Go","153"
"lsm5","Go","150"
"bradfitz","Go","250"
"xiangli-cmu","Go","840"
"akirayu101","Go","16"
"metakeule","Go","458"
"jsgilmore","Go","28"
"matyhtf","Go","40"
"Babazka","Go","109"
"mmb","Go","18"
"derekchiang","Go","101"
"mindreframer","Go","249"
"spiritring","Go","27"
"moshee","Go","165"
"krasin","Go","129"
"tianon","Go","181"
"runner-mei","Go","244"
"shenfeng","Go","289"
"miekg","Go","361"
"jmadan","Go","175"
"robfig","Go","340"
"ernestokarim","Go","340"
"mschoch","Go","351"
"runningwild","Go","161"
"ancarda","Go","80"
"erikstmartin","Go","282"
"abustany","Go","20"
"jaredbischof","Go","73"
"hoffoo","Go","94"
"AsherBond","Go","341"
"james4k","Go","92"
"tgulacsi","Go","317"
"goinggo","Go","191"
"shybyte","Go","26"
"imosquera","Go","90"
"mikespook","Go","127"
"nvieirafelipe","Go","19"
"d7x","Go","10"
"brasic","Go","136"
"bladehliu","Go","33"
"tsenart","Go","138"
"rillomas","Go","31"
"JKallhoff","Go","39"
"aluksidadi","Go","15"
"mruediger","Go","48"
"unclejack","Go","268"
"vale1410","Go","81"
"elidourado","Go","13"
"crosbymichael","Go","359"
"cznic","Go","649"
"ClausSteuer","Go","30"
"TShadwell","Go","62"
"matee911","Go","51"
"shawnps","Go","77"
"aclindsa","Go","13"
"elifceren","Go","35"
"araddon","Go","192"
"ehazlett","Go","49"
"mpwoz","Go","58"
"tmichel","Go","13"
"apourchet","Go","52"
"mulander","Go","24"
"ilcwd","Go","19"
"agl","Go","112"
"dancannon","Go","99"
"mitchellh","Go","864"
"CDargis","Go","34"
"ChimeraCoder","Go","152"
"mfine","Go","41"
"pifantastic","Go","72"
"codegangsta","Go","229"
"nexneo","Go","28"
"adabei","Go","19"
"adzankich","Go","27"
"fiam","Go","20"
"progrium","Go","107"
"stephenalexbrowne","Go","140"
"naoina","Go","32"
"jddixon","Go","390"
"vanstee","Go","11"
"bradleypeabody","Go","24"
"atomaths","Go","41"
"ArturoVM","Go","70"
"nakagami","Go","69"
"chkno","Go","14"
"cajun","Go","38"
"flaviamissi","Go","295"
"rif","Go","192"
"a2800276","Go","46"
"Alewhey","Go","29"
"jmassara","Go","60"
"29decibel","Go","47"
"avleen","Go","10"
"frrad","Go","282"
"mikedewar","Go","248"
"heltonmarx","Go","10"
"bryanturley","Go","535"
"kyleconroy","Go","48"
"v64","Go","39"
"oguzbilgic","Go","321"
"sztanpet","Go","94"
"mjibson","Go","195"
"dahankzter","Go","19"
"travissimon","Go","71"
"melkote","Go","47"
"alexzorin","Go","69"
"ajtulloch","Go","16"
"pjvds","Go","422"
"msiebuhr","Go","24"
"tchap","Go","186"
"pangwu86","Go","21"
"schulze","Go","17"
"s7v7nislands","Go","10"
"dotdoom","Go","44"
"datastream","Go","535"
"syohex","Go","13"
"zx9597446","Go","27"
"nemith","Go","17"
"athom","Go","212"
"ality","Go","14"
"weidongtoml","Go","36"
"paddie","Go","32"
"csinchok","Go","81"
"scottferg","Go","115"
"jehiah","Go","198"
"ZacharyOrr","Go","55"
"nono","Go","46"
"32bitkid","Go","34"
"emicklei","Go","354"
"bwhite","Go","200"
"tv42","Go","64"
"markmontymark","Go","81"
"ddollar","Go","154"
"crowdmatt","Go","241"
"jteeuwen","Go","209"
"kivikakk","Go","15"
"benashford","Go","16"
"Dieterbe","Go","50"
"bipasac2000","Go","15"
"BenLubar","Go","426"
"jpfairbanks","Go","31"
"kellegous","Go","33"
"ugorji","Go","48"
"latermoon","Go","203"
"steveyen","Go","783"
"callahanrts","Go","11"
"oremj","Go","39"
"zhigang2008","Go","72"
"PuerkitoBio","Go","558"
"samuel","Go","162"
"dixon","Go","16"
"telecoda","Go","47"
"grafov","Go","131"
"creack","Go","607"
"ryandotsmith","Go","314"
"tylerb","Go","135"
"boj","Go","99"
"DisposaBoy","Go","269"
"quincy","Go","15"
"kradeki","Go","29"
"Kovensky","Go","66"
"emilsjolander","Go","48"
"thethirdwheel","Go","57"
"wtangiit","Go","381"
"ostap","Go","28"
"nmeum","Go","130"
"cyfdecyf","Go","458"
"geoffreymoller","Go","12"
"YoshikiShibata","Go","21"
"bitsai","Go","35"
"julochrobak","Go","39"
"tapir","Go","200"
"nu7hatch","Go","37"
"akhenakh","Go","11"
"mingzhi","Go","58"
"sent-hil","Go","48"
"mmm","Go","55"
"jeremy-w","Go","12"
"cougarwww","Go","16"
"laslowh","Go","17"
"freakyjammer","Go","290"
"ardan-bkennedy","Go","180"
"Lukasa","Go","80"
"robbie-modcloth","Go","25"
"spf13","Go","115"
"eryx","Go","128"
"prasmussen","Go","21"
"jashper","Go","35"
"balboah","Go","30"
"savaki","Go","46"
"jlund3","Go","229"
"kofron","Go","48"
"jtiq","Go","10"
"klizhentas","Go","86"
"tobz","Go","53"
"rickysaltzer","Go","10"
"eikeon","Go","329"
"maxhille","Go","12"
"erkl","Go","132"
"verdverm","Go","48"
"andrewsmedina","Go","573"
"hemaolong","Go","30"
"imwally","Go","20"
"paceline","Go","17"
"sigu-399","Go","400"
"mzdaniel","Go","243"
"BlueDragonX","Go","19"
"grantmd","Go","19"
"stuartnelson3","Go","33"
"zimmski","Go","69"
"jamtur01","Go","54"
"cmdrkeene","Go","31"
"nikhan","Go","162"
"mholt","Go","131"
"kourge","Go","24"
"whyrusleeping","Go","207"
"shageman","Go","86"
"dustismo","Go","170"
"nesv","Go","52"
"jaredwilkening","Go","108"
"doodles526","Go","25"
"dustin","Go","729"
"roca","Go","66"
"nightlyone","Go","131"
"eaigner","Go","309"
"arunjitsingh","Go","11"
"andreaskoch","Go","181"
"synack","Go","24"
"ChuckHa","Go","40"
"kisielk","Go","294"
"justayak","Go","42"
"Mischanix","Go","73"
"rocky","Go","131"
"apokalyptik","Go","55"
"cespare","Go","183"
"pa001024","Go","108"
"cowboyrushforth","Go","37"
"chuckpreslar","Go","676"
"zhaodj","Go","11"
"yokano","Go","318"
"daviddengcn","Go","337"
"ant0ine","Go","134"
"bnprks","Go","10"
"ericlathrop","Go","43"
"bdon","Go","43"
"Elivoa","Go","40"
"Streamweaver","Go","89"
"rwcarlsen","Go","174"
"andlabs","Go","40"
"frank418","Go","62"
"mattprice","Go","49"
"menghan","Go","13"
"deckarep","Go","34"
"robteix","Go","26"
"ckkashyap","Go","16"
"cyball","Go","1016"
"ryanlbrown","Go","10"
"adrian-bl","Go","36"
"surma","Go","220"
"paczian","Go","27"
"sekhat","Go","71"
"wangtuanjie","Go","223"
"juliusv","Go","475"
"Wneh","Go","123"
"Unknwon","Go","793"
"itang","Go","59"
"serialx","Go","33"
"matrixik","Go","39"
"btracey","Go","182"
"xtaci","Go","683"
"longears","Go","73"
"inconshreveable","Go","225"
"skelterjohn","Go","89"
"satori","Go","136"
"clbanning","Go","59"
"daisuke-azuma","Go","157"
"davecheney","Go","304"
"prudhviy","Go","53"
"bussiere","Go","28"
"kobeld","Go","121"
"jzelinskie","Go","107"
"bambooZhou","Go","25"
"gnicod","Go","18"
"carlosbrando","Go","44"
"simonz05","Go","122"
"dpiddy","Go","60"
"markpeek","Go","68"
"scusi","Go","12"
"sebastiansito","Go","36"
"medcl","Go","48"
"lostz","Go","14"
"idealeric","Go","40"
"zyxar","Go","206"
"andrascsibi","Go","22"
"slene","Go","136"
"uggedal","Go","79"
"trustmaster","Go","21"
"minaguib","Go","28"
"borgenk","Go","50"
"elazarl","Go","129"
"eaburns","Go","278"
"jcelliott","Go","46"
"lifengtian","Go","25"
"AeroNotix","Go","180"
"jweir","Go","10"
"hSATAC","Go","138"
"smw1218","Go","35"
"Dparker1990","Go","41"
"superjoe30","Go","206"
"andrew-d","Go","40"
"toqueteos","Go","138"
"gregcswanson","Go","11"
"roa","Go","45"
"mikeclarke","Go","16"
"justinabrahms","Go","37"
"cassava","Go","12"
"xing4git","Go","107"
"zhigangc","Go","36"
"scpayson","Go","20"
"dane-unltd","Go","128"
"robert-zaremba","Go","72"
"richo","Go","14"
"coocood","Go","188"
"congjf","Go","93"
"DaddyOh","Go","10"
"wellle","Go","18"
"kljensen","Go","56"
"snej","Go","259"
"jasoncapehart","Go","27"
"kuba--","Go","30"
"jingweno","Go","700"
"dougfort","Go","109"
"cipriancraciun","Go","35"
"kch42","Go","45"
"ChrisKaufmann","Go","39"
"burke","Go","94"
"swdunlop","Go","18"
"kellydunn","Go","119"
"seehuhn","Go","56"
"tombell","Go","27"
"michaelklishin","Go","64"
"tpjg","Go","97"
"umitanuki","Go","10"
"soniah","Go","272"
"fd","Go","183"
"rsbx","Go","164"
"taysom","Go","114"
"tholowka","Go","134"
"mjstahl","Go","408"
"asmodaeus","Go","12"
"modclothpair","Go","27"
"janiukjf","Go","123"
"bbangert","Go","234"
"krisgry","Go","53"
"SlyMarbo","Go","284"
"shurcooL","Go","74"
"ziutek","Go","230"
"rafrombrc","Go","495"
"nictuku","Go","94"
"freeformz","Go","193"
"kzvezdarov","Go","33"
"mewmew","Go","343"
"awbraunstein","Go","14"
"dforsyth","Go","26"
"op","Go","46"
"bjh83","Go","48"
"jonross","Go","36"
"moorej","Go","10"
"7hi4g0","Go","29"
"sa2ajj","Go","58"
"johncosta","Go","14"
"akrennmair","Go","48"
"byAtlas","Go","14"
"Gorah","Go","41"
"fiorix","Go","285"
"patrickrsteele","Go","14"
"tropicalmug","Go","41"
"cmars","Go","159"
"mrnugget","Go","59"
"LouisFettet","Go","31"
"rossan","Go","30"
"thomas11","Go","12"
"Stringy","Go","87"
"jmcvetta","Go","615"
"maxymania","Go","22"
"xushiwei","Go","158"
"parkghost","Go","165"
"pipul","Go","159"
"hraban","Go","101"
"dchest","Go","77"
"temoto","Go","28"
"derekcollison","Go","40"
"vmihailenco","Go","120"
"ToQoz","Go","22"
"NovemberFoxtrot","Go","163"
"jimmyw","Go","32"
"mattheath","Go","33"
"streadway","Go","75"
"jijeshmohan","Go","19"
"rubyist","Go","36"
"knivey","Go","11"
"aybabtme","Go","260"
"otiai10","Go","51"
"yangzhe1991","Go","31"
"bronze1man","Go","31"
"DrayChou","Go","11"
"jpgneves","Go","23"
"ginuerzh","Go","45"
"igm","Go","88"
"sfro","Go","33"
"hamo","Go","45"
"cryptix","Go","33"
"uiri","Go","57"
"metalivedev","Go","220"
"emgee","Go","21"
"Yulon","Go","44"
"mrdg","Go","10"
"slspeek","Go","15"
"alimoeeny","Go","63"
"Joinhack","Go","36"
"dbrower","Go","14"
"titanous","Go","454"
"pfeairheller","Go","31"
"xrash","Go","17"
"HouzuoGuo","Go","247"
"huichen","Go","118"
"goob","Go","16"
"VonC","Go","11"
"bigwill","Go","30"
"mrb","Go","68"
"bborbe","Go","254"
"wdberkeley","Go","11"
"bemasher","Go","23"
"jackvalmadre","Go","35"
"bmatsuo","Go","165"
"stevedonovan","Go","35"
"justjake","Go","51"
"nate","Go","23"
"laher","Go","158"
"smerrill","Go","22"
"ncode","Go","190"
"githubnemo","Go","70"
"guregu","Go","49"
"nathany","Go","126"
"dbudworth","Go","12"
"elmacnifico","Go","101"
"boombuler","Go","61"
"myoula","Go","32"
"serbaut","Go","39"
"hanwen","Go","160"
"spiffytech","Go","32"
"shawnsi","Go","22"
"shuhaowu","Go","24"
"TLane","Go","55"
"hgfischer","Go","62"
"apanda","Go","227"
"rightfold","Go","55"
"grokh","Go","159"
"kisom","Go","464"
"bcampbell","Go","46"
"gesterhuizen","Go","88"
"mgbelisle","Go","36"
"dagoof","Go","33"
"levicook","Go","241"
"arflores2","Go","12"
"jbowles","Go","218"
"bpowers","Go","106"
"franckcuny","Go","59"
"ianremmler","Go","100"
"le0pard","Go","337"
"gk-turnip","Go","162"
"czchen","Go","52"
"ViktorZahar","Go","87"
"mattetti","Go","30"
"iyf","Go","62"
"ije","Go","79"
"covertcj","Go","27"
"tanel","Go","95"
"StalkR","Go","130"
"hugopeixoto","Go","14"
"shangxuejin","Go","29"
"zhoukk","Go","16"
"yanatan16","Go","57"
"zhangyuheng","Go","10"
"taddevries","Go","33"
"brianbrunner","Go","14"
"vbatts","Go","110"
"rjourde","Go","28"
"programmingthomas","Go","14"
"remogatto","Go","103"
"crhym3","Go","68"
"Centny","Go","36"
"kencochrane","Go","64"
"rmera","Go","186"
"bketelsen","Go","89"
"saaadhu","Go","17"
"Codefor","Go","12"
"sourcec0de","Go","13"
"brnstz","Go","40"
"t3rm1n4l","Go","72"
"VictorLowther","Go","18"
"JackC","Go","79"
"olanmatt","Go","53"
"lxfontes","Go","41"
"ninnemana","Go","191"
"algorithmicist","Go","78"
"songgao","Go","117"
"fdr","Go","155"
"nkrecklow","Go","25"
"cthulhu-bot","Go","70"
"laurent22","Go","63"
"ianobermiller","Go","47"
"rlmcpherson","Go","22"
"cypriss","Go","12"
"reddragon","Go","38"
"pauldix","Go","25"
"jaredly","Go","20"
"KaeruCT","Go","11"
"josephyzhou","Go","86"
"latestrevision","Go","26"
"billderose","Go","31"
"dalinaum","Go","23"
"SashaCrofter","Go","292"
"onlyangel","Go","18"
"eapache","Go","64"
"PreetamJinka","Go","128"
"rwl","Go","96"
"timbogit","Go","10"
"fw42","Go","40"
"DmitryBochkarev","Go","47"
"smkell","Go","68"
"robmerrell","Go","21"
"mgeist","Go","17"
"lkesteloot","Go","52"
"moopie","Go","10"
"abrookins","Go","19"
"Alexoner","Go","12"
"siesta","Go","36"
"weidewang","Go","20"
"specode","Go","33"
"sjp38","Go","34"
"caius","Go","30"
"acsellers","Go","199"
"pwaller","Go","68"
"emptyland","Go","54"
"stesla","Go","10"
"XixeBombilla","Go","16"
"basp","Go","22"
"Daedaluz","Go","27"
"rafaeljusto","Go","21"
"NOX73","Go","59"
"srid","Go","93"
"ThomasRooney","Go","15"
"trans","Go","10"
"gavruk","Go","107"
"BurntSushi","Go","334"
"barnjamin","Go","20"
"xiam","Go","319"
"dghubble","Go","37"
"romanoff","Go","13"
"coderhaoxin","Go","52"
"sadbox","Go","75"
"ihsw","Go","29"
"RegalSkeppet","Go","23"
"ChrisBuchholz","Go","28"
"nathankerr","Go","35"
"arschles","Go","12"
"johto","Go","109"
"ricallinson","Go","270"
"aackerman","Go","11"
"junkblocker","Go","26"
"sosedoff","Go","65"
"minikomi","Go","60"
"sqs","Go","389"
"metaleap","Go","671"
"bieber","Go","28"
"elsonwu","Go","61"
"zakzou","Go","25"
"proxypoke","Go","15"
"cgyy","Go","15"
"cwchiu","Go","85"
"marthjod","Go","42"
"chzyer","Go","122"
"JulienSchmidt","Go","249"
"IskenHuang","Go","17"
"buger","Go","170"
"ssobczak","Go","27"
"dominikh","Go","74"
"vuleetu","Go","64"
"cojac","Go","95"
"lizijian","Go","11"
"matryer","Go","404"
"capitancambio","Go","81"
"tuxychandru","Go","20"
"MatthewJWalls","Go","37"
"krux02","Go","25"
"keeb","Go","13"
"jchris","Go","32"
"mrshankly","Go","14"
"craigmj","Go","18"
"ecashin","Go","87"
"tedsta","Go","77"
"dhrp","Go","55"
"fsareshwala","Go","254"
"arlolra","Go","109"
"jagregory","Go","32"
"benmills","Go","159"
"GlenKelley","Go","25"
"bzub","Go","26"
"larzconwell","Go","156"
"scarlson","Go","26"
"tebeka","Go","68"
"michaeldv","Go","29"
"henyouqian","Go","46"
"h00gs","Go","53"
"oshothebig","Go","120"
"scttnlsn","Go","51"
"magnotorres","Go","39"
"fkautz","Go","27"
"edmore","Go","68"
"DanielHeath","Go","140"
"melllvar","Go","53"
"hjqhezgh","Go","70"
"Toorop","Go","11"
"DavidVorick","Go","32"
"zond","Go","571"
"xiocode","Go","221"
"usmanismail","Go","68"
"kushaldas","Go","48"
"axw","Go","151"
"minux","Go","75"
"betamike","Go","11"
"danawoodman","Go","19"
"bcarrell","Go","27"
"marcuswestin","Go","21"
"proppy","Go","27"
"hallliu","Go","14"
"viniciuswebdev","Go","16"
"hahnicity","Go","70"
"cpb8010","Go","38"
"mtibben","Go","71"
"JonPulfer","Go","95"
"ottob","Go","53"
"boutros","Go","84"
"alexlarsson","Go","45"
"nitrix","Go","46"
"jrconlin","Go","256"
"sinelga","Go","52"
"miyachan","Go","35"
"Forkk","Go","15"
"firepear","Go","26"
"darron","Go","10"
"tbuckley","Go","12"
"jhprks","Go","51"
"kbatten","Go","25"
"rcrowley","Go","86"
"daemonchen","Go","17"
"mheidenr","Go","14"
"beyang","Go","96"
"m0sth8","Go","11"
"kytrinyx","Go","43"
"cactus","Go","51"
"strickyak","Go","97"
"boredomist","Go","50"
"varialus","Go","833"
"tobstarr","Go","144"
"wei2912","Go","238"
"mduvall","Go","23"
"mmcfarland","Go","72"
"jbooth","Go","153"
"GeertJohan","Go","203"
"jbcrail","Go","69"
"bitrayne","Go","22"
"calavera","Go","38"
"weingart","Go","13"
"kvu787","Go","62"
"Laremere","Go","13"
"haldean","Go","43"
"mrallen1","Go","28"
"futoase","Go","62"
"swook","Go","75"
"Gusabi","Go","18"
"peterzalewski","Go","17"
"agaviria","Go","47"
"johnbellone","Go","80"
"corebob","Go","68"
"ryochack","Go","35"
"xeb","Go","37"
"ccding","Go","314"
"kimshrier","Go","19"
"vszakats","Go","20"
"mark-rushakoff","Go","55"
"thraxil","Go","91"
"tux21b","Go","34"
"calebdoxsey","Go","21"
"xlvector","Go","37"
"defeated","Go","13"
"jmhodges","Go","26"
"superlogical","Go","10"
"rygorous","Go","33"
"xionglun","Go","16"
"xyproto","Go","423"
"pangkunyi","Go","51"
"benharper123","Go","34"
"capnm","Go","212"
"pavelb","Go","17"
"sanqianyuejia","Go","29"
"michaelhood","Go","19"
"tonyw","Go","19"
"jrallison","Go","49"
"mkilling","Go","24"
"kr","Go","350"
"mattrobenolt","Go","99"
"gwoo","Go","50"
"jbronn","Go","18"
"sunfmin","Go","93"
"monnand","Go","538"
"prashanthsadasivan","Go","14"
"yvasiyarov","Go","121"
"KettlebellAddict","Go","45"
"abh","Go","168"
"brettyukich","Go","15"
"daflad","Go","154"
"kenshinx","Go","35"
"dmikalova","Go","100"
"mthie","Go","11"
"x3ro","Go","11"
"sdgoij","Go","41"
"matttproud","Go","502"
"dr-strangecode","Go","21"
"gpjt","Go","13"
"teo","Go","24"
"polaris1119","Go","33"
"polvi","Go","32"
"haibinpark","Go","89"
"rharriso","Go","21"
"skovsgaard","Go","10"
"jgraham909","Go","78"
"mdulaney","Go","27"
"edsrzf","Go","16"
"metal3d","Go","93"
"viney","Go","20"
"xla","Go","183"
"sauerbraten","Go","156"
"tiancaiamao","Go","96"
"arbovm","Go","25"
"alphabernd","Go","75"
"bonnefoa","Go","76"
"daniel-garcia","Go","38"
"aodin","Go","53"
"rymo4","Go","32"
"gabrielfalcao","Go","11"
"mneudert","Go","24"
"bg5sbk","Go","33"
"sbotond","Go","45"
"doun","Go","30"
"AlekSi","Go","365"
"newthinker","Go","16"
"mkrautz","Go","21"
"alisle","Go","15"
"chessnokov","Go","77"
"wub","Go","102"
"MrWerewolf","Go","26"
"mortdeus","Go","129"
"shaoshing","Go","83"
"kicool","Go","30"
"koyachi","Go","34"
"captaincronos","Go","34"
"Donearm","Go","14"
"hydra13142","Go","125"
"laurit17","Go","22"
"DerekEclipse","Go","10"
"Vladimiroff","Go","17"
"catinello","Go","49"
"willsky","Go","14"
"shenwei356","Go","47"
"ddliu","Go","10"
"alecrn","Go","30"
"Blackrush","Go","50"
"AustenConrad","Go","148"
"pebbe","Go","287"
"zackshen","Go","11"
"wwwouter","Go","28"
"politician","Go","17"
"alpe","Go","26"
"orcame","Go","25"
"boostbob","Go","10"
"pokerG","Go","22"
"vijaysai","Go","13"
"tw4452852","Go","77"
"armatys","Go","34"
"jmhain","Go","30"
"cgtdk","Go","16"
"paulhammond","Go","21"
"errnoh","Go","43"
"HaskellElephant","Go","16"
"mekarpeles","Go","13"
"SamSaffron","Go","50"
"brettbuddin","Go","91"
"drio","Go","33"
"jontonsoup","Go","49"
"bobappleyard","Go","11"
"theraphim","Go","116"
"marcinwyszynski","Go","16"
"kwmt","Go","80"
"vaughan0","Go","50"
"gmallard","Go","170"
"mattfarina","Go","26"
"jakecoffman","Go","19"
"jwiklund","Go","40"
"kennygrant","Go","35"
"yinqiwen","Go","58"
"thedawnrider","Go","11"
"andelf","Go","17"
"LostSkyDev","Go","26"
"mccoyst","Go","114"
"Ro0mquy","Go","31"
"htruong","Go","38"
"aquilax","Go","62"
"dengyue","Go","38"
"bom-d-van","Go","141"
"calebbrown","Go","34"
"ngaut","Go","43"
"Zert","Go","75"
"ccirclaeys","Go","15"
"daneharrigan","Go","13"
"fiatmoney","Go","26"
"seanbrant","Go","10"
"gtalent","Go","151"
"jeremybanks","Go","21"
"AlexanderThaller","Go","21"
"lukevers","Go","193"
"jasonroelofs","Go","24"
"edsu","Go","57"
"Merovius","Go","79"
"deepkaran","Go","23"
"nsf","Go","73"
"jmoiron","Go","160"
"krpors","Go","28"
"snormore","Go","109"
"ElricleNecro","Go","16"
"piranha","Go","123"
"redsymbol","Go","23"
"GGalizzi","Go","15"
"echa","Go","19"
"rputbl","Go","16"
"galaux","Go","12"
"dansup","Go","27"
"bjartwolf","Go","22"
"sburnett","Go","164"
"gleicon","Go","34"
"Acanthostega","Go","12"
"drewcsillag","Go","42"
"daniel-fanjul-alcuten","Go","34"
"Cpari","Go","41"
"anvie","Go","11"
"Arcticcuz","Go","37"
"chdorner","Go","27"
"Lavos","Go","53"
"rasa","Go","21"
"RnMss","Go","14"
"apatil","Go","10"
"troyharris","Go","14"
"craigjackson","Go","21"
"egravert","Go","32"
"noahcampbell","Go","96"
"markberger","Go","28"
"lakrizz","Go","15"
"JeffMGreg","Go","21"
"d2fn","Go","75"
"pluralism","Go","34"
"rkoesters","Go","118"
"heinrisch","Go","37"
"Karethoth","Go","10"
"andren32","Go","53"
"bluepeppers","Go","28"
"danenania","Go","10"
"dyzdyz010","Go","41"
"johncylee","Go","41"
"bobbaluba","Go","85"
"sangmank","Go","10"
"reiver","Go","89"
"richard-lyman","Go","37"
"vsergeev","Go","48"
"ddesigngithub","Go","10"
"Dpetters","Go","19"
"disco-volante","Go","75"
"axelri","Go","114"
"alberts","Go","23"
"stefantalpalaru","Go","21"
"ajhager","Go","62"
"sam-falvo","Go","149"
"craig8","Go","21"
"icub3d","Go","82"
"alect","Go","42"
"maxsnew","Go","53"
"ns-buildbot","Go","72"
"darkhelmet","Go","70"
"joshlf13","Go","96"
"vanetix","Go","45"
"ecylmz","Go","25"
"heyden","Go","25"
"xoebus","Go","53"
"magicmonkey","Go","18"
"ljos","Go","14"
"brendonh","Go","47"
"NickPresta","Go","32"
"vdrolia","Go","37"
"alexanderkyte","Go","19"
"dillonhuff","Go","21"
"justinsb","Go","97"
"jarod","Go","12"
"kyleburton","Go","39"
"adams-sarah","Go","46"
"jchenry","Go","32"
"sahid","Go","23"
"zhenjl","Go","107"
"cheneydeng","Go","104"
"philsong","Go","42"
"andrebq","Go","34"
"robotamer","Go","15"
"antonlindstrom","Go","72"
"yuchen12","Go","11"
"rtnpro","Go","33"
"jimfleming","Go","28"
"funkygao","Go","131"
"lunastorm","Go","11"
"discordianfish","Go","271"
"anachronistic","Go","43"
"ncw","Go","35"
"mb0","Go","84"
"lunny","Go","224"
"AaronRustad","Go","16"
"KevDog","Go","32"
"tonnerre","Go","74"
"leonzhouwei","Go","15"
"fuxiaohei","Go","39"
"kirillrdy","Go","47"
"violetgo","Go","40"
"Jxck","Go","39"
"podviaznikov","Go","10"
"collinvandyck","Go","85"
"alexrpagan","Go","109"
"boourns","Go","41"
"iopred","Go","140"
"dave-andersen","Go","56"
"robertkrimen","Go","114"
"marktheunissen","Go","154"
"ajstarks","Go","207"
"whatupdave","Go","13"
"jtacoma","Go","162"
"fizx","Go","25"
"traviscline","Go","69"
"smazga","Go","10"
"jimmysawczuk","Go","44"
"lowentropy","Go","39"
"magiconair","Go","15"
"fmstephe","Go","50"
"hrautila","Go","23"
"paddyforan","Go","59"
"foobaz","Go","53"
"matttproud-soundcloud","Go","41"
"godfried","Go","145"
"frhwang","Go","24"
"chrneumann","Go","193"
"carbocation","Go","51"
"Nican","Go","11"
"Nvveen","Go","31"
"ashah09","Go","26"
"rafecolton","Go","74"
"dougt","Go","49"
"dale0110","Go","33"
"coleifer","Go","29"
"flyingmutant","Go","60"
"pfraces","Go","28"
"thegreyjoy","Go","36"
"jiachenning","Go","12"
"codeb2cc","Go","13"
"AndrewVos","Go","59"
"mg","Go","110"
"presbrey","Go","15"
"fudanchii","Go","24"
"tristanwietsma","Go","171"
"joelina","Go","66"
"cngo-github","Go","19"
"smilefish1987","Go","14"
"jackyb","Go","79"
"cenkalti","Go","82"
"Keats","Go","10"
"xilp","Go","16"
"robert-butts","Go","36"
"hura","Go","29"
"luw2007","Go","10"
"designershao","Go","45"
"fhs","Go","43"
"cpg","Go","60"
"feyeleanor","Go","81"
"SayCV","Go","14"
"sw0x2A","Go","26"
"joaobiriba","Go","19"
"carlosmn","Go","29"
"fzipp","Go","92"
"mitchty","Go","14"
"semicircle","Go","18"
"cyberdelia","Go","55"
"elithrar","Go","32"
"ursachec","Go","14"
"finiks","Go","43"
"tjgq","Go","19"
"zachlatta","Go","45"
"corylanou","Go","56"
"jadekler","Go","31"
"mt830813","Go","18"
"mynameisfiber","Go","91"
"sjatkinson","Go","17"
"Bunkerbewohner","Go","31"
"xutherogue","Go","11"
"crackcomm","Go","76"
"loraxman","Go","18"
"sureleo","Go","11"
"retzkek","Go","52"
"lbonn","Go","12"
"mdennebaum","Go","75"
"rzajac","Go","57"
"lopter","Go","68"
"smallasa","Go","34"
"kevintok","Go","19"
"grapswiz","Go","20"
"scryner","Go","12"
"chourobin","Go","45"
"nplatt","Go","25"
"dvirsky","Go","12"
"spaghetty","Go","13"
"Chunjie","Go","11"
"cookieo9","Go","108"
"RoyDong","Go","108"
"ajackson","Go","48"
"btipling","Go","28"
"tkawachi","Go","14"
"ld9999999999","Go","43"
"bigeagle","Go","39"
"ioboi","Go","45"
"cybersiddhu","Go","53"
"mdayaram","Go","98"
"dsymonds","Go","70"
"bradclawsie","Go","33"
"zendessert","Go","17"
"llimllib","Go","84"
"jfray","Go","25"
"matthewbauer","Go","58"
"shin-","Go","98"
"ToothlessGear","Go","19"
"joeatwork","Go","19"
"edmoz","Go","22"
"matiaslina","Go","25"
"Andres4fun","Go","52"
"mtchavez","Go","97"
"fern4lvarez","Go","152"
"rickbutton","Go","14"
"advincze","Go","83"
"ericaro","Go","48"
"Kazy","Go","13"
"dcoupal","Go","31"
"aarzilli","Go","16"
"pleskac","Go","42"
"simmone","Go","25"
"georgeredinger","Go","12"
"kurrik","Go","214"
"heatxsink","Go","11"
"radar","Go","18"
"tomzaragoza","Go","28"
"redglasses","Go","11"
"ordovician","Go","16"
"adnaan","Go","68"
"broox","Go","19"
"millken","Go","31"
"grd","Go","56"
"pranavraja","Go","65"
"msgehard","Go","70"
"lann","Go","25"
"christopherhesse","Go","61"
"macu","Go","48"
"jonasi","Go","61"
"bruth","Go","19"
"mlafeldt","Go","92"
"sorennielsen","Go","33"
"homburg","Go","14"
"bluealert","Go","42"
"tolsen","Go","71"
"wlynch92","Go","22"
"ivaxer","Go","24"
"tokenshift","Go","21"
"crast","Go","17"
"kyledj","Go","10"
"russross","Go","91"
"nickstenning","Go","21"
"shish","Go","25"
"LK4D4","Go","30"
"ndrew","Go","27"
"alecthomas","Go","85"
"mjard","Go","16"
"ryanchapman","Go","45"
"hdonnay","Go","36"
"jasonrdsouza","Go","21"
"ijibu","Go","33"
"changm","Go","13"
"chenshu","Go","17"
"augustoroman","Go","17"
"jeffh","Go","33"
"coffeepac","Go","13"
"heartszhang","Go","29"
"codeslinger","Go","11"
"gwwfps","Go","15"
"elbuo8","Go","18"
"voutasaurus","Go","21"
"hnakamur","Go","60"
"Moghedrin","Go","37"
"gorhill","Go","99"
"joshk","Go","47"
"nvcnvn","Go","70"
"jiorry","Go","33"
"jkassemi","Go","22"
"bam365","Go","38"
"iansmith","Go","67"
"MJDSys","Go","49"
"raff","Go","135"
"monsun","Go","15"
"Cofyc","Go","14"
"cirocavani","Go","39"
"JustinAzoff","Go","18"
"cfreeman","Go","24"
"miraclesu","Go","42"
"stevenleeg","Go","15"
"dvliman","Go","42"
"ctulek","Go","27"
"kfox1111","Go","26"
"pcjpcj2","Go","12"
"loslch","Go","12"
"cdarwin","Go","17"
"ulrichSchreiner","Go","30"
"lionelbarrow","Go","76"
"NoahShen","Go","85"
"couchemar","Go","19"
"jim","Go","13"
"colemickens","Go","31"
"philpennock","Go","12"
"cevian","Go","10"
"jfbus","Go","34"
"inatus","Go","18"
"ploxiln","Go","16"
"the42","Go","93"
"stnmrshx","Go","26"
"ernix","Go","43"
"gabrtv","Go","22"
"gebi","Go","37"
"CaptainSoOmA","Go","11"
"redneckbeard","Go","52"
"hyper-carrot","Go","50"
"fuhao715","Go","28"
"battlemidget","Go","11"
"sluu99","Go","44"
"andydude","Go","17"
"cf-frameworks","Go","27"
"nmtadam","Go","18"
"orofarne","Go","117"
"stevedomin","Go","29"
"fernjager","Go","15"
"kedorlaomer","Go","27"
"tysontate","Go","110"
"afandian","Go","19"
"karlek","Go","86"
"arvida","Go","13"
"mdavids","Go","21"
"tve","Go","17"
"dafang","Go","37"
"Utgard","Go","13"
"skirkpatrick","Go","40"
"kballard","Go","30"
"dangogh","Go","11"
"earthboundkid","Go","16"
"dpapathanasiou","Go","13"
"inkel","Go","46"
"yangchuanzhang","Go","18"
"soveran","Go","10"
"mcuadros","Go","31"
"jphines","Go","65"
"sauyon","Go","33"
"aotian16","Go","59"
"heavenlyhash","Go","46"
"bdeggleston","Go","21"
"danielvargas","Go","12"
"huin","Go","65"
"Zhebr","Go","27"
"gnagel","Go","151"
"phayes","Go","19"
"sathishvj","Go","25"
"jamesandariese","Go","15"
"hmarr","Go","16"
"tszpinda","Go","31"
"lidashuang","Go","82"
"jfnadeau","Go","22"
"arzh","Go","24"
"cloudson","Go","27"
"lonewolfgames","Go","15"
"vedranvuk","Go","15"
"AbhiAgarwal","Go","11"
"jaeyeom","Go","33"
"clipperhouse","Go","79"
"jum","Go","13"
"maruel","Go","36"
"artemave","Go","23"
"tenntenn","Go","61"
"codahale","Go","53"
"hooluupog","Go","49"
"mwhooker","Go","59"
"krujos","Go","24"
"Liangdi","Go","10"
"dustinconrad","Go","15"
"adiabatic","Go","10"
"gliese1337","Go","16"
"vchimishuk","Go","39"
"derdon","Go","37"
"nikhilm","Go","46"
"hagna","Go","44"
"joshrotenberg","Go","29"
"mies","Go","47"
"jprichardson","Go","36"
"nolman","Go","14"
"hugozhu","Go","92"
"ushis","Go","104"
"brianvoe","Go","52"
"dichro","Go","10"
"ograycode","Go","13"
"mfelicio","Go","10"
"mattkanwisher","Go","22"
"santiaago","Go","32"
"googollee","Go","168"
"pothibo","Go","24"
"tmiller","Go","25"
"jrenner","Go","36"
"eMxyzptlk","Go","20"
"losinggeneration","Go","14"
"just-another-one-timmy","Go","48"
"johnwilson","Go","12"
"pcrawfor","Go","14"
"seqfx","Go","44"
"DavidEGrayson","Go","70"
"FreekingDean","Go","20"
"rdallman","Go","54"
"Niriel","Go","44"
"rosylilly","Go","25"
"romovs","Go","19"
"majest","Go","14"
"mittel","Go","26"
"jaytaylor","Go","104"
"mcglincy","Go","16"
"jimmiebtlr","Go","13"
"liamzdenek","Go","37"
"joho","Go","72"
"jsli","Go","26"
"sabzil","Go","39"
"DocSavage","Go","148"
"pzurek","Go","12"
"Ryman","Go","15"
"gunnaraasen","Go","14"
"m4tty","Go","13"
"jamesharr","Go","40"
"dizzyd","Go","26"
"technosophos","Go","76"
"rossjones","Go","21"
"emre","Go","22"
"guoyao","Go","21"
"garethstokes","Go","14"
"tylrtrmbl","Go","21"
"olivere","Go","54"
"djhworld","Go","70"
"jlburkhead","Go","10"
"tychofreeman","Go","52"
"wizawu","Go","61"
"ciju","Go","48"
"CodeBlock","Go","15"
"JensRantil","Go","64"
"yinlei","Go","11"
"suapapa","Go","151"
"jijinggang","Go","25"
"robinske","Go","54"
"felixalias","Go","12"
"jonstout","Go","94"
"zhanming","Go","46"
"lonnelars","Go","38"
"ezralalonde","Go","29"
"hatoishi","Go","11"
"tec","Go","16"
"t-k","Go","56"
"BobString","Go","18"
"nkait","Go","15"
"husio","Go","29"
"manveru","Go","31"
"technoweenie","Go","121"
"fraenkel","Go","21"
"Sirupsen","Go","10"
"campoy","Go","38"
"koden-km","Go","10"
"dcarroll","Go","31"
"jbowtie","Go","31"
"0xfaded","Go","25"
"BrettBukowski","Go","11"
"Parthas-Menethil","Go","15"
"tmc","Go","90"
"hiredman","Go","20"
"donovanhide","Go","72"
"NatTuck","Go","23"
"aaliang","Go","12"
"milosgajdos83","Go","20"
"yourchanges","Go","22"
"solfuglen","Go","25"
"xb95","Go","37"
"snuskelusken","Go","22"
"demizer","Go","23"
"Rick1125","Go","14"
"soh335","Go","10"
"Moddus","Go","26"
"antifuchs","Go","22"
"kdar","Go","48"
"sandves","Go","43"
"nelsam","Go","27"
"alex-moon","Go","37"
"andrenho","Go","22"
"goncalopereira","Go","19"
"steeve","Go","27"
"mattbaird","Go","97"
"sidazhang","Go","46"
"mattds","Go","10"
"mathume","Go","44"
"jmckaskill","Go","35"
"ComputerDruid","Go","29"
"atydnyuk","Go","25"
"bjeanes","Go","66"
"isaiah","Go","27"
"gustavo-hms","Go","75"
"i3149","Go","23"
"chrissexton","Go","68"
"jpetazzo","Go","88"
"mblair","Go","12"
"shazow","Go","11"
"fajran","Go","59"
"Intermernet","Go","121"
"borovsky","Go","13"
"cfrco","Go","19"
"brettweavnet","Go","65"
"nyarla","Go","15"
"tdhite","Go","33"
"lsaint","Go","39"
"hayesgm","Go","81"
"gedex","Go","80"
"hfern","Go","14"
"Mistobaan","Go","106"
"jonnii","Go","10"
"cee-dub","Go","34"
"a64adam","Go","34"
"divoxx","Go","33"
"domwong","Go","15"
"aaasen","Go","50"
"chlu","Go","27"
"wagerlabs","Go","32"
"Aurametrix","Go","14"
"funny-falcon","Go","57"
"artyom","Go","20"
"gswirski","Go","12"
"Bitnick2002","Go","63"
"h2ero","Go","29"
"hackliff","Go","31"
"ledzep2","Go","10"
"shanemhansen","Go","24"
"miha-stopar","Go","39"
"lancecarlson","Go","50"
"ScruffyProdigy","Go","42"
"toumorokoshi","Go","31"
"JamesDunne","Go","30"
"rbonvall","Go","21"
"coopernurse","Go","82"
"mgmtech","Go","93"
"spadin","Go","13"
"tgirod","Go","15"
"satreix","Go","16"
"sdming","Go","42"
"karteek","Go","14"
"mikehale","Go","20"
"KSid","Go","19"
"AlisaEx","Go","13"
"smoogle","Go","23"
"georgethomas111","Go","29"
"realint","Go","64"
"doganaydin","Go","20"
"azoner","Go","46"
"mihasya","Go","32"
"michaelgibson","Go","19"
"achun","Go","88"
"johnwesonga","Go","40"
"Dollyn","Go","28"
"armon","Go","113"
"fatih","Go","51"
"cmpxchg16","Go","13"
"stuntgoat","Go","55"
"GuoBug","Go","19"
"PerryBirch","Go","55"
"pchojnacki","Go","32"
"fukata","Go","24"
"zhymin77","Go","16"
"sepeth","Go","10"
"zhangpeihao","Go","49"
"c4pt0r","Go","12"
"wolfeidau","Go","13"
"mindjiver","Go","17"
"Manrich121","Go","46"
"sabrinatseng","Go","22"
"dddaisuke","Go","10"
"xianxu","Go","37"
"jdubeau123","Go","43"
"cadrian","Go","64"
"wendal","Go","97"
"liuxd","Go","12"
"howeyc","Go","113"
"marcw","Go","122"
"thomasahle","Go","10"
"jonesdeini","Go","30"
"wjessop","Go","24"
"treeder","Go","32"
"rgarcia","Go","26"
"shamrin","Go","10"
"invadersmustdie","Go","44"
"dcarley","Go","25"
"hannesg","Go","15"
"kid0m4n","Go","75"
"rakyll","Go","31"
"liquidgecka","Go","19"
"vad","Go","50"
"SjonHortensius","Go","12"
"richardc","Go","13"
"mndrix","Go","57"
"Carrotman42","Go","12"
"donatj","Go","24"
"ertemplin","Go","11"
"niemeyer","Go","60"
"hobeone","Go","18"
"jtuchscherer","Go","17"
"sakana","Go","49"
"jessecarl","Go","14"
"matiasinsaurralde","Go","40"
"BlackNoxis","Go","38"
"justone","Go","57"
"jpoz","Go","14"
"tommi-laine","Go","15"
"snorwood","Go","24"
"timewasted","Go","12"
"janne","Go","48"
"jimlloyd","Go","16"
"StefanSchroeder","Go","24"
"latortuga","Go","14"
"oal","Go","29"
"PieterD","Go","31"
"robinmonjo","Go","37"
"mopsled","Go","12"
"daffodil","Go","147"
"chooper","Go","19"
"Rudd-O","Go","17"
"pyanfield","Go","25"
"janusle","Go","17"
"subalakr","Go","11"
"gavinmyers","Go","23"
"localvar","Go","39"
"akshaym","Go","13"
"antage","Go","16"
"tobert","Go","44"
"franciscsimon","Go","104"
"sergi","Go","14"
"Crackerz","Go","22"
"nf","Go","54"
"jiayudu","Go","32"
"kurtcc","Go","71"
"glacjay","Go","16"
"remyoudompheng","Go","16"
"iamrekcah","Go","15"
"goj","Go","12"
"ebfe","Go","60"
"chenwenli","Go","14"
"elimisteve","Go","57"
"jjeffery","Go","28"
"interstateone","Go","12"
"joelgwebber","Go","21"
"microcai","Go","18"
"aschlapsi","Go","37"
"AtKaaZ","Go","21"
"yon","Go","92"
"hungryblank","Go","11"
"phillipCouto","Go","25"
"wjdix","Go","91"
"swenson","Go","19"
"rochacon","Go","25"
"gamestall","Go","18"
"jefferai","Go","13"
"armen","Go","34"
"eXeC64","Go","57"
"cloudaice","Go","11"
"marconi","Go","17"
"riobard","Go","47"
"geraldss","Go","37"
"alexdmiller","Go","25"
"taylorchu","Go","13"
"yosida95","Go","36"
"LvanNeo","Go","36"
"ekoeppen","Go","23"
"lcaballero","Go","13"
"rainerborene","Go","19"
"silasb","Go","16"
"jaekwon","Go","31"
"ckrissun","Go","35"
"nhelke","Go","24"
"stianeikeland","Go","11"
"papplampe","Go","47"
"salmanahmad","Go","26"
"tpltnt","Go","15"
"Wessie","Go","20"
"heroin","Go","35"
"cfstras","Go","20"
"quadr","Go","16"
"cr0n","Go","87"
"asim","Go","43"
"noahhl","Go","21"
"prinsmike","Go","14"
"gnewton","Go","17"
"syhou","Go","14"
"wangjinlei","Go","54"
"swantescholz","Go","33"
"michaelneale","Go","10"
"hyperfunk","Go","26"
"jimweirich","Go","41"
"AlexeySpiridonov","Go","11"
"xingyuli","Go","28"
"godsic","Go","19"
"jack-zh","Go","25"
"fuzxxl","Go","23"
"oblique","Go","13"
"dcjones","Go","14"
"ohlol","Go","84"
"dabio","Go","11"
"zeljkokunica","Go","55"
"bashtian","Go","16"
"tgascoigne","Go","17"
"PatrikSB","Go","34"
"Rabbit52","Go","32"
"b1naryth1ef","Go","24"
"msmith","Go","10"
"rookii","Go","21"
"cmccabe","Go","10"
"eZanmoto","Go","32"
"rpwoodbu","Go","19"
"longnguyen11288","Go","10"
"yourihua","Go","11"
"asadovsky","Go","27"
"jayschwa","Go","19"
"korbenzhang","Go","10"
"bradrydzewski","Go","33"
"byatool","Go","24"
"bkaradzic","Go","12"
"swindy","Go","11"
"oneslang","Go","74"
"jsummers","Go","11"
"schmichael","Go","31"
"bulkan","Go","29"
"insionng","Go","50"
"flaub","Go","41"
"ardahal","Go","18"
"arkxu","Go","50"
"melvinmt","Go","63"
"erasin","Go","11"
"campbel","Go","16"
"beefsack","Go","19"
"m14i","Go","11"
"IanChiles","Go","15"
"yasuoza","Go","12"
"teijo","Go","38"
"SeanConnell","Go","14"
"pushrax","Go","38"
"lutzee","Go","10"
"ipeters","Go","20"
"harph","Go","12"
"fumin","Go","18"
"LukasReschke","Go","12"
"rsesek","Go","20"
"renquinn","Go","89"
"logan","Go","25"
"hawx","Go","78"
"wuwj-cn","Go","10"
"diptanu","Go","14"
"cbusbey","Go","20"
"xuchdong","Go","12"
"grobie","Go","27"
"elubow","Go","28"
"jbardin","Go","29"
"karlentwistle","Go","47"
"mitchellwrosen","Go","20"
"cratonica","Go","39"
"ianoshen","Go","27"
"davepederson","Go","30"
"liusongsen","Go","30"
"ryansb","Go","48"
"thechriswalker","Go","11"
"amdw","Go","18"
"jcline","Go","25"
"nchapman","Go","31"
"aartamonau","Go","44"
"gregwedow","Go","19"
"bcurren","Go","67"
"drnic","Go","10"
"joeferner","Go","54"
"mansoor-s","Go","47"
"slug404","Go","15"
"ronbu","Go","17"
"pgundlach","Go","21"
"icanhas","Go","32"
"chinakr","Go","41"
"chamakits","Go","12"
"MonkoftheFunk","Go","16"
"hishboy","Go","14"
"pmallappa","Go","39"
"mschneider","Go","11"
"viking","Go","34"
"stephanos","Go","28"
"justinas","Go","11"
"dickon","Go","40"
"Cubox-","Go","30"
"sirnewton01","Go","29"
"Narsil","Go","13"
"Np2x","Go","18"
"cdxahz","Go","19"
"qinhanlei","Go","19"
"klamontagne","Go","23"
"willnorris","Go","128"
"dmichael","Go","24"
"guilherme-pg","Go","41"
"tomtaylor","Go","20"
"Altonymous","Go","54"
"zhemao","Go","10"
"guitardave24","Go","25"
"dlsniper","Go","31"
"moriyoshi","Go","13"
"vkuznet","Go","31"
"Cerales","Go","12"
"soul9","Go","11"
"ftrvxmtrx","Go","35"
"DeyV","Go","20"
"mlbright","Go","35"
"nemothekid","Go","10"
"diogo149","Go","13"
"robbiev","Go","10"
"nikai3d","Go","11"
"lodevil","Go","14"
"axiom","Go","21"
"mdelem","Go","22"
"BrianMc21","Go","22"
"thenonameguy","Go","25"
"dtcaciuc","Go","31"
"dbrain","Go","25"
"vmg","Go","38"
"rhettg","Go","16"
"jonasp","Go","24"
"PaulSamways","Go","12"
"ahuth","Go","48"
"rainkid","Go","19"
"marcosnils","Go","20"
"bickfordb","Go","21"
"tbruyelle","Go","16"
"pmeinhardt","Go","12"
"pkar","Go","19"
"jemiahlee","Go","19"
"Soulou","Go","17"
"alextp","Go","19"
"davidhinkes","Go","10"
"daemonfire300","Go","14"
"martinp","Go","10"
"piecioshka","Go","11"
"marpaia","Go","10"
"dgthunder","Go","18"
"yuanxun","Go","30"
"aaronlifton","Go","43"
"drewolson","Go","18"
"sfaxon","Go","16"
"mike-ando","Go","12"
"kofalt","Go","25"
"wangbin","Go","23"
"aoeu","Go","18"
"huandu","Go","11"
"alt234","Go","16"
"CasualSuperman","Go","154"
"windch","Go","13"
"liubin0329","Go","11"
"jargon777","Go","18"
"gtaylor","Go","13"
"touristtam","Go","16"
"figgefred","Go","21"
"basie","Go","21"
"kotokoko","Go","29"
"lukesampson","Go","83"
"txthinking","Go","18"
"mzc","Go","15"
"mrordinaire","Go","26"
"pivotal-vmware","Go","22"
"briandignan","Go","14"
"oscardelben","Go","10"
"roman-mazur","Go","21"
"go-ive","Go","49"
"dwb","Go","14"
"ernesto-jimenez","Go","18"
"genghisjahn","Go","18"
"kjk","Go","132"
"balzaczyy","Go","30"
"takuan-osho","Go","13"
"brunoqc","Go","34"
"pavben","Go","13"
"typester","Go","19"
"eac2192","Go","11"
"extemporalgenome","Go","28"
"dengqiao","Go","17"
"chrisoei","Go","18"
"bfix","Go","14"
"pnasrat","Go","13"
"logicchains","Go","14"
"mmcgrana","Go","31"
"victoriest","Go","15"
"GitJason","Go","26"
"purohit","Go","32"
"blaxill","Go","28"
"luisbebop","Go","22"
"buth","Go","46"
"fmd","Go","33"
"comdeng","Go","12"
"Aartisan","Go","26"
"knickers","Go","51"
"jcoene","Go","39"
"princehaku","Go","14"
"dominichamon","Go","29"
"JanLaussmann","Go","14"
"rexposadas","Go","14"
"theepicsnail","Go","33"
"shavac","Go","43"
"jstnlef","Go","18"
"koron","Go","47"
"luanjunyi","Go","25"
"bmistree","Go","16"
"nes1983","Go","14"
"pineconea","Go","14"
"aimxhaisse","Go","22"
"alexedwards","Go","22"
"lakshgupta","Go","22"
"igorsobreira","Go","17"
"importre","Go","17"
"raphaelmeyer","Go","10"
"rmorgan","Go","21"
"lukescott","Go","11"
"BinaryBlob","Go","24"
"jszwedko","Go","30"
"laumann","Go","12"
"imdario","Go","24"
"turadg","Go","28"
"enticeing","Go","11"
"brianm","Go","68"
"jamesadney","Go","34"
"jack230230","Go","30"
"mriehl","Go","34"
"mrobitu","Go","15"
"trevex","Go","113"
"alindeman","Go","15"
"thomasboyt","Go","16"
"yongye","Go","24"
"zmarcantel","Go","38"
"TylerBrock","Go","11"
"bamiaux","Go","11"
"yourheropaul","Go","12"
"maxpersson","Go","42"
"kestred","Go","16"
"outersky","Go","12"
"jonlaing","Go","20"
"mhennings","Go","33"
"meqif","Go","22"
"kajic","Go","26"
"TimothyJones","Go","16"
"Pursuit92","Go","11"
"jclem","Go","22"
"govuk-ci","Go","15"
"alext","Go","25"
"bradleywright","Go","17"
"tcard","Go","12"
"wvanbergen","Go","25"
"oltoko","Go","20"
"pearkes","Go","74"
"erikh","Go","104"
"teharrison","Go","11"
"fzzy","Go","49"
"jbeshir","Go","49"
"alco","Go","23"
"omer-g","Go","14"
"arbrown","Go","20"
"Ratfink","Go","10"
"rjohnsondev","Go","23"
"krakensden","Go","24"
"mrjones","Go","18"
"tflovorn","Go","26"
"zobo","Go","11"
"adpalmer","Go","23"
"yohcop","Go","11"
"MrDark","Go","13"
"makeusabrew","Go","16"
"baris","Go","15"
"mstap","Go","36"
"henrikhodne","Go","13"
"huntaub","Go","99"
"ajclisso","Go","32"
"5kg","Go","12"
"lachie","Go","12"
"paulbellamy","Go","36"
"stevan","Go","36"
"christianvozar","Go","35"
"t-yuki","Go","18"
"kare","Go","17"
"echlebek","Go","10"
"ryanbrainard","Go","16"
"axelmagn","Go","23"
"boopathi","Go","19"
"EdSchouten","Go","47"
"moritzg91","Go","43"
"freedomfita","Go","43"
"tlrx","Go","14"
"st3redstripe","Go","27"
"MendelGusmao","Go","37"
"adzenith","Go","17"
"135yshr","Go","20"
"hellvinz","Go","19"
"julienschmidt","Go","61"
"jasonmoo","Go","62"
"dtjm","Go","10"
"Calder","Go","60"
"cruelwen","Go","10"
"dudebout","Go","11"
"vail130","Go","17"
"robxu9","Go","28"
"a-palchikov","Go","25"
"DanTulovsky","Go","10"
"mrWiener","Go","17"
"irusist","Go","19"
"MrPetru","Go","11"
"AbelLai","Go","23"
"ichendesheng","Go","20"
"eddytrex","Go","17"
"paulsmith","Go","51"
"dAnjou","Go","16"
"kelyar","Go","10"
"mshahriarinia","Go","17"
"Garoth","Go","25"
"aweiksnar","Go","12"
"nairboon","Go","33"
"geetarista","Go","30"
"robryk","Go","32"
"spcoder","Go","24"
"rayank77b","Go","16"
"moredatarequired","Go","16"
"OShalakhin","Go","22"
"barthezslavik","Go","54"
"generalhenry","Go","19"
"linohh","Go","20"
"chris-piekarski","Go","23"
"s-urbaniak","Go","11"
"IanFinlayson","Go","11"
"smcquay","Go","12"
"tsnow","Go","10"
"albert-wang","Go","19"
"lateefj","Go","46"
"LucasObendorf","Go","13"
"zaycev","Go","17"
"QLeelulu","Go","13"
"dbarabanov","Go","27"
"ptrv","Go","17"
"demdxx","Go","11"
"amir","Go","12"
"paytonrules","Go","23"
"vtphan","Go","24"
"zimbatm","Go","24"
"ktoso","Go","22"
"nstott","Go","28"
"Keithbsmiley","Go","14"
"desouradeep","Go","15"
"s1kx","Go","10"
"dongwq","Go","15"
"yyn1110","Go","13"
"sadasant","Go","14"
"RadioactiveMouse","Go","38"
"kuenishi","Go","14"
"jackmanlabs","Go","21"
"0xe2-0x9a-0x9b","Go","25"
"dearing","Go","39"
"DDRBoxman","Go","32"
"danielhfrank","Go","20"
"ohookins","Go","19"
"astropanic","Go","12"
"jdiez17","Go","10"
"boppreh","Go","21"
"crimsonred","Go","28"
"taruti","Go","21"
"davegardnerisme","Go","15"
"landr0id","Go","17"
"josip","Go","15"
"chanwit","Go","33"
"gar3thjon3s","Go","10"
"tillberg","Go","34"
"acidsound","Go","12"
"gwitmond","Go","48"
"AmandaCameron","Go","33"
"postatum","Go","28"
"mquinson","Go","12"
"senthilnayagam","Go","20"
"scottmotte","Go","25"
"blargg","Go","15"
"epeli","Go","25"
"shaladdle","Go","17"
"hurricane1026","Go","19"
"prataprc","Go","31"
"rubyphunk","Go","12"
"gronpipmaster","Go","17"
"sedalu","Go","10"
"najeira","Go","17"
"rowland","Go","28"
"L3pr3chaun","Go","14"
"LoliMizuki","Go","19"
"xiangyuan","Go","13"
"quintonwall","Go","10"
"shaunduncan","Go","12"
"felixpalmer","Go","15"
"gaoxinbo","Go","16"
"alexefish","Go","36"
"RangelReale","Go","23"
"Efruit","Go","13"
"rossalbertson","Go","11"
"rjeczalik","Go","27"
"postfix","Go","13"
"simplemvc","Go","10"
"otium","Go","11"
"ameyms","Go","12"
"jdjkelly","Go","11"
"der-antikeks","Go","21"
"wewantthefunk","Go","32"
"brainix","Go","15"
"j14159","Go","10"
"ElectricTomato","Go","43"
"yanunon","Go","13"
"signintech","Go","16"
"quintenpalmer","Go","23"
"bruston","Go","19"
"somejedi","Go","40"
"Niessy","Go","33"
"methane","Go","16"
"mrgrieves","Go","11"
"zizon","Go","11"
"twblalock","Go","19"
"toulouse","Go","13"
"mikea","Go","17"
"braintreeps","Go","14"
"mkkelley","Go","16"
"laCour","Go","15"
"mergesort","Go","16"
"ianpreston","Go","25"
"mfkp","Go","13"
"kvz","Go","22"
"ceh","Go","16"
"jasonberanek","Go","11"
"ZhangBanger","Go","18"
"vileda","Go","15"
"evandroflores","Go","12"
"scoward","Go","44"
"jpg0","Go","18"
"gainward","Go","13"
"naturalist","Go","13"
"MorehouseJ09","Go","28"
"thesyncim","Go","67"
"ohlinux","Go","17"
"shijiayun","Go","10"
"samalba","Go","46"
"scottcagno","Go","35"
"gerow","Go","12"
"PJRobins","Go","12"
"msh9","Go","13"
"dajul","Go","12"
"samfoo","Go","20"
"hukeli","Go","11"
"wangyixiang","Go","12"
"douzifly","Go","24"
"sdsl","Go","20"
"GutenYe","Go","26"
"roberttstephens","Go","34"
"paetzke","Go","11"
"stehem","Go","12"
"elviejo79","Go","23"
"alexjlockwood","Go","14"
"rbucker881","Go","36"
"blinsay","Go","23"
"wwwjfy","Go","14"
"Jonhoo","Go","17"
"sethwklein","Go","16"
"radious","Go","14"
"campadrenalin","Go","11"
"kichooo","Go","10"
"gumuz","Go","11"
"wfreeman","Go","32"
"Omegaice","Go","17"
"salfield","Go","13"
"ryotarai","Go","11"
"bouk","Go","15"
"johnweldon","Go","11"
"j100002ben","Go","25"
"csizsek","Go","13"
"rhcarvalho","Go","13"
"zklapow","Go","12"
"sprungknoedl","Go","36"
"bouticfactory","Go","19"
"braindev","Go","16"
"tadzik","Go","17"
"snikch","Go","18"
"gnarmis","Go","28"
"innerdesire","Go","13"
"swdyh","Go","11"
"mehrvarz","Go","76"
"notedit","Go","10"
"jvandyke","Go","11"
"touilleMan","Go","12"
"derekpitt","Go","25"
"jivid","Go","14"
"xlqstar","Go","27"
"mikeys","Go","10"
"joerussbowman","Go","11"
"wadey","Go","31"
"ironsmile","Go","15"
"joaopaulovieira","Go","10"
"aclissold","Go","14"
"camilo","Go","11"
"codysoyland","Go","10"
"egonelbre","Go","25"
"mjason","Go","19"
"beardedprojamz","Go","11"
"fl00r","Go","31"
"crazy2be","Go","19"
"gtfierro","Go","60"
"solidfox","Go","11"
"xa4a","Go","11"
"salviati","Go","15"
"yann2192","Go","17"
"Jackneill","Go","35"
"jeromer","Go","18"
"andrewzeneski","Go","10"
"ismasan","Go","45"
"pengfei-xue","Go","13"
"dubbe","Go","25"
"mdobson","Go","12"
"fblecha","Go","12"
"pexeer","Go","42"
"Beldur","Go","53"
"ivanvanderbyl","Go","38"
"gthomas","Go","16"
"why404","Go","15"
"zetafunction","Go","13"
"mboeh","Go","62"
"murz","Go","21"
"tsliwowicz","Go","28"
"octplane","Go","41"
"rohshall","Go","10"
"jeidsath","Go","20"
"bretthoerner","Go","10"
"mopinion","Go","25"
"Tethik","Go","21"
"nimajalali","Go","10"
"szferi","Go","26"
"fengjingchao","Go","33"
"gaopengxiang417","Go","21"
"dteoh","Go","13"
"bdamm","Go","11"
"capotej","Go","25"
"nickdirienzo","Go","11"
"krisrang","Go","14"
"jfairbairn","Go","11"
"drj11","Go","13"
"tcolar","Go","10"
"johnernaut","Go","10"
"nz","Go","14"
"srinathgs","Go","30"
"hellovai","Go","140"
"sootn","Go","10"
"ammubhave","Go","21"
"Fertogo","Go","22"
"abhishekkr","Go","23"
"sporto","Go","16"
"rnubel","Go","14"
"fpischedda","Go","12"
"micrypt","Go","14"
"tristanls","Go","24"
"Ralt","Go","31"
"roboprog","Go","12"
"tchandy","Go","13"
"Leon-zsl","Go","30"
"joewalnes","Go","38"
"cloudhead","Go","57"
"mcgrew","Go","13"
"syscomet","Go","19"
"FSX","Go","12"
"burnto","Go","16"
"hpcorona","Go","26"
"niven","Go","12"
"sandfox","Go","14"
"damselem","Go","13"
"dlluncor","Go","10"
"eahydra","Go","11"
"matthewmcnew","Go","15"
"marccampbell","Go","24"
"nwade","Go","43"
"imoraru","Go","10"
"plabee","Go","42"
"s-gv","Go","22"
"AndreMouche","Go","11"
"davemarchevsky","Go","16"
"masteinhauser","Go","14"
"philipsoutham","Go","34"
"nickdavies","Go","12"
"youngsterxyf","Go","15"
"pelletier","Go","38"
"tgkokk","Go","23"
"ZachMassia","Go","43"
"iNamik","Go","19"
"plouc","Go","45"
"bslatkin","Go","15"
"NerdGGuy","Go","10"
"lukad","Go","24"
"tiw","Go","12"
"larsmans","Go","10"
"museun","Go","35"
"jda","Go","16"
"siebenmann","Go","10"
"TomiHiltunen","Go","10"
"lostghost","Go","12"
"quanqinle","Go","14"
"scalabl3","Go","14"
"samuelkadolph","Go","45"
"spearson78","Go","13"
"JustinHuang917","Go","22"
"lepidosteus","Go","14"
"agrieser","Go","11"
"tealeg","Go","15"
"raybejjani","Go","12"
"aosmith","Go","12"
"icholy","Go","43"
"tilinna","Go","13"
"tchajed","Go","17"
"jakebasile","Go","20"
"edahlgren","Go","11"
"fcarriedo","Go","38"
"Archs","Go","17"
"tonyhb","Go","27"
"smallsweet","Go","14"
"vnbr","Go","16"
"KnutHelland","Go","28"
"bensinober","Go","28"
"jbowens","Go","14"
"TobiasRaeder","Go","21"
"flavio","Go","10"
"zombor","Go","10"
"vayan","Go","13"
"Noxer","Go","15"
"yangting","Go","18"
"smanoharan","Go","21"
"attilaolah","Go","14"
"jbowes","Go","54"
"go-nut","Go","13"
"g13n","Go","11"
"tim-kos","Go","11"
"joecarnahan","Go","12"
"cgarvis","Go","43"
"mariano","Go","10"
"jbtule","Go","17"
"greggoryhz","Go","25"
"maz","Go","14"
"raguay","Go","16"
"cjhutchi","Go","13"
"zTrix","Go","28"
"alyu","Go","12"
"tamagokun","Go","18"
"eddie","Go","16"
"Xeus","Go","21"
"nokivan","Go","12"
"stiangrindvoll","Go","14"
"h198798337","Go","10"
"holygeek","Go","15"
"tvdburgt","Go","12"
"widuu","Go","19"
"Tanner","Go","24"
"RuzThug","Go","19"
"arunjit","Go","11"
"wen866595","Go","10"
"JCaselles","Go","20"
"hobbeswalsh","Go","15"
"systemfreund","Go","19"
"fs111","Go","13"
"cioc","Go","17"
"eriq-augustine","Go","22"
"dbrunton","Go","13"
"itwarcraft","Go","10"
"markstory","Go","13"
"vbhavsar","Go","17"
"oppegard","Go","15"
"ctiao","Go","10"
"elju","Go","20"
"phillc","Go","17"
"amattn","Go","12"
"rakoo","Go","10"
"tstromberg","Go","13"
"alexvizor","Go","20"
"natefinch","Go","34"
"Vrenc","Go","20"
"jpoehls","Go","44"
"THEjoezack","Go","10"
"DaleJefferson","Go","16"
"jarias","Go","12"
"dahc","Go","20"
"Jormundir","Go","26"
"rsaarelm","Go","25"
"tetsuok","Go","21"
"doug","Go","16"
"bitwalker","Go","10"
"pkwarren","Go","11"
"mhowell","Go","17"
"nwidger","Go","17"
"kyphelps","Go","53"
"njalali","Go","11"
"edbrown23","Go","20"
"wangxian","Go","21"
"vegasje","Go","11"
"zzdoo","Go","11"
"fcambus","Go","19"
"wdalmut","Go","27"
"lazywei","Go","19"
"nvll","Go","18"
"male110","Go","11"
"boukevanderbijl","Go","11"
"JessonChan","Go","12"
"Knorkebrot","Go","16"
"buddhistpirate","Go","16"
"cko","Go","18"
"golanger","Go","14"
"writa","Go","10"
"reedobrien","Go","48"
"nunes","Go","16"
"heindl","Go","10"
"acroca","Go","15"
"BranLwyd","Go","11"
"kragniz","Go","24"
"abellee","Go","10"
"drocamor","Go","11"
"dhruvbird","Go","12"
"ndyakov","Go","11"
"audreyt","Go","16"
"mpobrien","Go","12"
"CurryBoy","Go","13"
"KushalP","Go","15"
"hintss","Go","12"
"ZeissS","Go","18"
"harveyr","Go","19"
"EricR","Go","44"
"uovobw","Go","20"
"Mitmischer","Go","21"
"scjudd","Go","16"
"efimbakulin","Go","40"
"Wuvist","Go","16"
"drhodes","Go","18"
"ohrite","Go","21"
"guillermo","Go","12"
"William-Mak","Go","15"
"nikhilpb","Go","29"
"bguiz","Go","14"
"jarcoal","Go","23"
"jpfuentes2","Go","11"
"tozz","Go","13"
"lucasb-eyer","Go","20"
"steakknife","Go","41"
"Ovaphlow","Go","12"
"DavidHuie","Go","17"
"cyle","Go","46"
"rudenoise","Go","12"
"griff","Go","26"
"skastel","Go","14"
"purtip31","Go","21"
"manugoyal","Go","23"
"mejinke","Go","19"
"evanphx","Go","10"
"vineel-adusumilli","Go","11"
"cowens","Go","16"
"dewaka","Go","11"
"fabiokung","Go","11"
"mattes","Go","14"
"jacobsa","Go","36"
"bclement","Go","14"
"rahulg","Go","17"
"baloo","Go","18"
"jcla1","Go","16"
"someonegg","Go","15"
"joeshaw","Go","16"
"jgrahamc","Go","18"
"minhajuddin","Go","14"
"samrogerson","Go","10"
"nadvamir","Go","11"
"friedrichg","Go","27"
"ghais","Go","24"
"mattyw","Go","11"
"dhermes","Go","10"
"cabello","Go","19"
"apeacox","Go","20"
"akesling","Go","14"
"tychoish","Go","11"
"mchirico","Go","16"
"rofrol","Go","30"
"qmoya","Go","11"
"saljam","Go","11"
"laurentlbm","Go","13"
"baskerville","Go","25"
"oodabaga","Go","17"
"gilesp","Go","16"
"zionist","Go","16"
"cameronjacobson","Go","10"
"PhiCode","Go","11"
"oamasood","Go","12"
"bradhe","Go","20"
"fanan","Go","14"
"cfddream","Go","19"
"rsdk","Go","14"
"rzymek","Go","11"
"xausee","Go","23"
"exupero","Go","11"
"weichangying","Go","10"
"vayam","Go","19"
"satabin","Go","10"
"Xelom","Go","17"
"tenywen","Go","14"
"slawosz","Go","19"
"duane","Go","11"
"kiyor","Go","25"
"munckymagik","Go","10"
"ggnextmap","Go","12"
"jigish","Go","18"
"nise-nabe","Go","27"
"ZuiGuangYin","Go","11"
"senorflor","Go","10"
"sun8911879","Go","29"
"stephens2424","Go","10"
"cybergamer","Go","13"
"vil1","Go","10"
"jason-riddle","Go","27"
"jason482","Go","14"
"turnerd18","Go","14"
"dylwhich","Go","17"
"JustJenFelice","Go","12"
"levigross","Go","10"
"jxe","Go","10"
"dam5s","Go","17"
"dpup","Go","28"
"bobveznat","Go","20"
"cemeyer","Go","12"
"FreakyDazio","Go","20"
"DewaldV","Go","13"
"linuxerwang","Go","23"
"pcarrier","Go","25"
"shaalx","Go","49"
"fgrehm","Go","14"
"benmanns","Go","12"
"CaptSullivan","Go","13"
"leighmacdonald","Go","11"
"sillyotter","Go","16"
"blakesmith","Go","22"
"mwarkentin","Go","12"
"yaslama","Go","11"
"cf-monitoringAndMetrics","Go","10"
"anight","Go","11"
"eugener","Go","14"
"tlehman","Go","13"
"BigEndian","Go","14"
"cwahbong","Go","11"
"dirk","Go","11"
"kz26","Go","13"
"jhinrichsen","Go","21"
"torrance","Go","11"
"fjukstad","Go","18"
"publysher","Go","10"
"longshanksmo","Go","15"
"d00k","Go","11"
"luosangnanka","Go","10"
"shterrett","Go","11"
"kavu","Go","18"
"smallfish","Go","13"
"pettyjamesm","Go","24"
"hernan43","Go","10"
"ryanslade","Go","15"
"MathieuTurcotte","Go","14"
"clee","Go","11"
"particlebanana","Go","11"
"tdburke","Go","17"
"nightexcessive","Go","21"
"zinenko","Go","15"
"chuqingq","Go","12"
"jawsthegame","Go","10"
"ceberly","Go","17"
"DarkStar851","Go","14"
"bdotdub","Go","11"
"memelee","Go","12"
"tomheinan","Go","11"
"rverton","Go","13"
"prafulrana","Go","11"
"jamiely","Go","14"
"sethyates","Go","13"
"deepak1556","Go","12"
"dcadenas","Go","14"
"fristedt","Go","12"
"fcoury","Go","10"
"berman-yosef","Go","10"
"beerspume","Go","11"
"ron-burgundy1","Go","13"
"tassmjau","Go","11"
"stephenbalaban","Go","10"
"danielsiders","Go","15"
"param108","Go","11"
"javaguirre","Go","11"
"danlucraft","Go","10"
"gima","Go","12"
"yuriyklepikov","Go","18"
"nrempel","Go","16"
"octoberxp","Go","11"
"acj","Go","12"
"dhconnelly","Go","10"
"saravanan-sellathurai","Go","11"
