word,count,language
knock,12,Ruby
insignificant,16,Ruby
freeze.py,11,Python
likers/haters,13,JavaScript
unimportant,13,Objective-C
elimination,11,JavaScript
froze,15,Ruby
hard-wire,13,JavaScript
troubled,27,Python
src/ricardodantas/php-error-class/phperrorclass.php,47,PHP
enabled\disabled,21,Shell
sketchy,15,Java
gutter,11,C++
flirt,17,Ruby
bug,87156,C++
bash,996,Java
fuck,1350,C
missed,1592,PHP
revert,30172,C
mistakenly,20,Java
bug,34101,Python
split,4484,Python
broken,982,JavaScript
bumping,1297,Java
revert,28732,JavaScript
ignore,4360,C
split,949,Shell
bug,3998,Objective-C
issue,11367,Java
revert,34983,Java
bug,61046,JavaScript
junk,142,JavaScript
bug,26787,Java
split,302,Objective-C
static,2054,JavaScript
ignore,10951,Java
missed,1652,Python
hack,1300,C
error,3524,PHP
revert,5194,C#
deprecate,57,Shell
sorry,177,PHP
bump,34940,JavaScript
split,3227,Java
errors,290,Python
drag,279,Java
revert,15377,Python
disable,7361,JavaScript
restrict,1783,Ruby
ignore,12838,JavaScript
bug,22691,PHP
delay,288,Java
messed,194,Python
revert,18649,C++
slowly,150,Java
revert,18463,Ruby
ignore,1841,C#
bump,56550,Ruby
disregard,40,Java
lazy,33,Objective-C
split,2403,C
ignore,6620,PHP
disabled,1275,C++
collapse,344,JavaScript
splitting,637,JavaScript
miscellaneous,42,C#
bump,9221,Java
weaken,13,C
error,2605,Python
fail,527,Ruby
issue,8345,PHP
shit,65,C#
bump,19472,Python
disable,4647,Python
bumped,5418,Python
annoying,53,Java
problem,1551,Java
disabled,1274,C
urgent,44,JavaScript
disable,5627,C
disable,3298,PHP
bump,2449,C#
bug,3925,C#
bug,9805,C
issue,2616,C
disable,886,C#
limit,967,Python
bumping,4722,Ruby
revert,3421,Objective-C
revert,17895,PHP
mock,429,Python
bumping,4166,C++
bump,8131,C
bump,5157,PHP
issue,5534,Ruby
suppression,1222,JavaScript
downgrade,148,PHP
fuck,876,Java
kill,859,Ruby
disabled,3131,JavaScript
chore(package,39,JavaScript
silly,340,Java
trivial,1357,Python
deprecate,476,Java
bumped,9163,JavaScript
strict,321,PHP
error,5141,JavaScript
error,2556,Ruby
bump,4994,C++
ignore,3881,C++
lazy,365,Java
plot,804,Python
suppression,310,Python
split,803,C#
object.observe,56,C++
split,2682,C++
sass,480,Ruby
split,1927,PHP
hack,1063,Python
bug,12958,Ruby
fist,223,JavaScript
split,2980,Ruby
error,1265,C++
hack,1374,JavaScript
issue,11987,JavaScript
bumping,3530,JavaScript
split,5283,JavaScript
fuck,336,C++
ignore,9474,Python
bugs,554,C++
disable,4256,C++
subversion,21,Python
rough,60,Objective-C
ignore,2903,Shell
junk,89,Java
bumping,1731,Python
chore(travis,116,C++
blah,510,C++
fuck,604,Python
bash,226,JavaScript
problem,922,JavaScript
damage,78,Java
slower,84,JavaScript
bump,6346,Shell
sorry,385,Java
dumb,103,Java
revert,8071,Shell
lazy,249,Python
bug,3466,Shell
static,2324,Ruby
blah,910,Python
suppress,422,C
bumped,3521,Java
break,1145,JavaScript
destroy,28,C#
degrade,15,Java
missed,2854,JavaScript
shit,248,Java
error,1194,C
bugs,1577,JavaScript
bullshit,19,PHP
attack,78,C#
reject,50,PHP
ugh,841,JavaScript
hacks,73,Ruby
stupid,933,Ruby
conflict,807,PHP
fuck,1588,JavaScript
subversion/libsvn_client/merge.c,42,C
bugs,1005,PHP
dragging,41,Java
bad,146,Shell
disabled,898,Shell
trap,98,Python
messing,755,Ruby
backward,79,PHP
wrong,439,Shell
disabled,1376,Ruby
splitting,391,Java
error,2799,Java
vagrant,131,Shell
disable,5088,Ruby
issues,532,JavaScript
wrong,1360,Python
bump,1998,Objective-C
critical,173,Java
fist,109,Ruby
disable,2722,Shell
shit,47,Shell
restrict,562,JavaScript
break,382,C
shit,174,PHP
disable/enable,29,JavaScript
disallow,363,JavaScript
isolated,119,JavaScript
broke,160,C
dark,223,Java
messing,149,C
leak,13,JavaScript
breaking,320,Java
clash,123,JavaScript
suppress,646,C++
static,1193,Python
break,70,C#
boring,12,PHP
deprecate,469,JavaScript
disable,4414,Java
fake,512,JavaScript
vagrant,107,PHP
throttle,40,C
disabled,478,C#
issue,577,Shell
conflicts,351,Ruby
wrong,1609,PHP
fatal,37,C
reject,176,JavaScript
lazy,618,JavaScript
joker,11,Java
hard,221,Python
breaking,694,JavaScript
conflict,1303,JavaScript
object,409,Java
bumped,2400,PHP
issue,1495,C#
conflicts,215,Python
darkened,113,JavaScript
enemy,37,Objective-C
messed,231,Ruby
wrong,2235,JavaScript
chore(travis,129,JavaScript
naive,12,PHP
false,110,JavaScript
bumped,9419,Ruby
fucking,312,Java
object-oriented,17,Python
problem,2389,Python
restricted,189,JavaScript
fuck,462,PHP
missed,2075,Java
unnecessary,238,PHP
omit,110,PHP
puppet,78,JavaScript
idiot,38,JavaScript
ignore,9519,Ruby
broken,194,C#
incomplete,319,JavaScript
chore,1318,JavaScript
deny,150,PHP
issue,1144,Objective-C
bumped,515,Objective-C
blah,448,PHP
steal,41,Ruby
failed,123,C++
dirty,136,C++
fuck,1023,Ruby
zap,124,JavaScript
rage,11,Python
rough,374,Ruby
bash,331,Python
bumped,1386,C#
limit,1396,JavaScript
bash,1394,Shell
weird,65,C#
mad,97,JavaScript
collapse,130,Python
messing,1176,JavaScript
sty,495,Python
incorrect,117,C++
blah,2401,JavaScript
sass,638,JavaScript
drag,1280,JavaScript
broke,890,JavaScript
chore(package.json,55,JavaScript
forbid,85,JavaScript
stupid,1038,Python
stupid,811,Java
messed,119,C
untested,288,Java
problems,314,Python
splitting,150,C
crap,183,JavaScript
untested,211,C++
weird,123,C
fake,284,Ruby
issue,5871,Python
madness,14,Java
abort,71,PHP
ax,84,C++
missed,1073,C
useless,468,Java
missed,487,Shell
warning,485,JavaScript
warning,324,Python
erase,93,Ruby
errors,364,Ruby
lose,52,Java
regression,139,C
die,110,C
drag,97,C#
ugh,241,Java
unneeded,59,C++
bad,578,Java
hard,253,Java
sorry,66,Shell
chore(bower,69,JavaScript
fail,241,PHP
reject,79,C
fuzzy,21,C
dumb,87,C
wrong,1176,Java
killing,29,C++
chore(version,46,JavaScript
friction,29,JavaScript
subtract,17,Java
bumped,751,C++
depression,11,JavaScript
bad,671,Python
erase,169,JavaScript
disabled,2016,Java
regression,31,Shell
rough,144,PHP
incorrect,176,Python
glib-demo,24,C++
disallow,177,C++
blur,35,Objective-C
chore,49,Java
silly,193,C
drastically,28,Ruby
freeze,157,Python
squash,447,Java
disable,840,Objective-C
suppression,424,C
bs,25,PHP
dump,718,PHP
buggy,158,Java
banish,16,Python
deadlock,31,C
blah,343,C
mock,141,PHP
suppress,110,Objective-C
harden,29,PHP
rejected,70,Java
slave,30,C
enemies,205,Java
failing,166,Python
suppression,1647,PHP
sorry,240,Python
splitting,268,Ruby
warning,431,C++
rip,50,Java
bumps,1170,Ruby
untested,214,JavaScript
crush,84,C++
squash,482,C
problem,1179,C++
blah,1100,Ruby
buggy,19,C#
hard,336,Ruby
regression,101,Ruby
naive,192,Python
slower,29,Python
disabled,391,Objective-C
scratch,63,Ruby
insignificant,27,Java
kill,1107,JavaScript
paranoid,12,Python
fix(collapse,14,JavaScript
bad,293,C++
sass,260,PHP
swipe,384,JavaScript
issue,3078,C++
fall,180,JavaScript
ugly,223,Java
conflicts,439,Java
die,375,Java
sorry,173,C++
static,823,PHP
bumping,192,C
damn,353,Java
lose,102,C++
fail,639,JavaScript
plot,225,C++
proprietary-files,31,C++
errors,338,Java
monster,139,Java
failing,463,Ruby
rough,387,Python
primitive,89,Python
invisible,28,Java
ghetto,24,Java
rough,157,C++
bogus,37,Ruby
suppress,414,Ruby
limit,771,PHP
rip,64,C
sad,118,PHP
bugs,744,Python
limit,557,C
loose,31,Python
static,524,C++
bad,108,C#
suppression,1651,Java
fail,551,Java
ugly,273,Python
conflicts,491,JavaScript
unexpected,11,Java
bugs,1097,Java
mocked,27,PHP
disabled,1418,Python
failure,388,C
damn,389,Ruby
incomplete,506,Java
bs,110,JavaScript
lazy,211,PHP
fail,464,Python
deprecate,212,C
warning,454,C
bug-fix,167,JavaScript
glut,32,C
prohibit,25,Python
bumping,389,Objective-C
dirty,359,JavaScript
slow,279,JavaScript
unknown,209,Java
missed,1807,Ruby
downgrade,366,Java
err,100,Java
overdue,11,Shell
randomly,53,Java
restrict,289,PHP
unknown,203,JavaScript
unsupported,12,PHP
error,415,Objective-C
limited,120,PHP
impossible,32,Java
break,744,Python
disallow,19,Shell
drastically,22,PHP
nasty,44,PHP
crude,151,JavaScript
dump,486,Python
redundant,24,Shell
strange,183,Java
drastically,25,Python
conflict,760,Ruby
untested,51,Shell
backward,122,Python
chore(build,278,JavaScript
failed,352,JavaScript
failure,36,C++
critical,20,C#
untested,279,Python
trash,222,JavaScript
silly,403,Ruby
broken,358,C++
bs,73,Java
conflict,913,Java
obsolete,147,JavaScript
undid,317,JavaScript
breaking,118,C++
trivial,232,Shell
messing,473,Java
invalidate,112,JavaScript
missed,1092,C++
damn,181,C
buggy,175,JavaScript
arbitrary,23,C++
stupid,468,C++
bad,1074,JavaScript
omit,197,Python
failure,105,Java
false,44,Python
st,39,Python
naive,83,C
useless,341,JavaScript
trivial,729,C
fall,115,Ruby
throttle,119,JavaScript
darkened,27,PHP
terrible,27,PHP
bug-fix,85,Java
funny,41,Java
hack,134,Objective-C
rough,168,C
complex,134,JavaScript
bugs,673,Ruby
broke,426,Java
darken,139,JavaScript
strict,276,JavaScript
tricky,15,C
chore(release,338,JavaScript
failing,276,Java
broke,483,Python
hard,512,JavaScript
rough,699,JavaScript
explode,58,PHP
critical,81,C
stupid,572,PHP
broke,268,PHP
hard,106,C++
enable/disable,19,Objective-C
damn,81,C#
dump,464,Ruby
broken,302,C
chore(docs,304,JavaScript
brute,17,PHP
object,346,PHP
object,125,C#
destroy,786,Ruby
negative,119,Java
error,365,Shell
shit,159,Python
errors,613,JavaScript
conflicts,142,C++
mess,123,C
lost,115,PHP
messing,164,C++
bumping,752,PHP
trouble,46,Java
unable,61,JavaScript
trivial,553,C++
fucking,269,Python
death,78,Python
enemies,134,C#
issues,370,Java
break,581,Java
restricted,25,C
hack,435,PHP
squash,303,Ruby
silly,849,JavaScript
bug-fix:minor,14,Java
fat,29,Java
enemy,41,C
abort,146,Ruby
missed,599,C#
mock,449,JavaScript
wrong,1132,Ruby
conflict,307,C++
broke,229,C++
undefined,35,C
freeze,271,Ruby
dumb,78,PHP
kill,113,C#
hacks,50,Java
stupid,441,C
burn,35,Ruby
slowed,113,JavaScript
kill,493,C++
illegal,31,Java
volatile,34,Java
silly,226,PHP
downgrade,666,Ruby
bumped,900,Shell
pointless,55,Python
garbage,55,PHP
conflict,440,Python
emergency,85,Ruby
incomplete,137,C
subtract,15,PHP
limit,682,Java
unnecessary,487,JavaScript
unfinished,229,JavaScript
screwed,71,Ruby
critical,31,Objective-C
rejected,74,JavaScript
cloud,51,C#
critical,59,Ruby
blah,1609,Java
scrap,22,Java
err,12,Objective-C
greedy,113,C++
delay,188,Ruby
breaking,340,Ruby
regression,366,C++
miscellaneous,207,PHP
cloud,370,JavaScript
downgrade,179,Python
redundancy,29,Java
unknown,97,Ruby
blur,59,C++
suppress,310,JavaScript
unnecessary,57,C#
st,65,C
fucking,110,C
undid,180,Python
fix(mocks,14,JavaScript
unfinished,13,Objective-C
kill,793,Java
broken,361,PHP
trap,56,JavaScript
crazy,166,JavaScript
tired,55,Ruby
sin,59,Python
warning,281,Ruby
messing,392,Python
delay,610,JavaScript
alarm,85,JavaScript
chore(css,14,JavaScript
wrong,634,C
confused,31,Java
chore(test,39,JavaScript
drain,14,JavaScript
weird,50,Shell
rough,269,Java
crappy,104,JavaScript
break,917,Ruby
ugh,177,C
bumps,181,PHP
redundant,229,JavaScript
insane,16,Java
useless,211,C++
arbitrary,39,Ruby
dumb,273,JavaScript
conflict,233,Objective-C
trap,122,Ruby
smoke,30,C++
splitting,222,PHP
burn,11,Python
puppet,347,Ruby
dead,197,Java
case-insensitive,21,Ruby
lost,148,Ruby
smoke,64,JavaScript
dirty,230,Java
randomly,87,JavaScript
kill,340,PHP
hack,671,Java
problems,228,JavaScript
weird,242,Python
static,368,C
erase,99,Java
scrap,11,Shell
drag,165,Ruby
avalanche,628,C++
bumps,507,JavaScript
coerce,76,JavaScript
object,61,Objective-C
trivial,955,JavaScript
interrupt,167,C
collapse,16,Shell
shit,538,JavaScript
buggy,92,C++
suppress,760,Java
forbid,79,Python
problem,726,C#
expire,145,Ruby
bumps,333,Python
kill,873,Python
primitive,68,Ruby
hack,923,Ruby
emergency,173,JavaScript
trivial,102,C#
trivial,398,Ruby
trash,114,PHP
stupid,1621,JavaScript
dump,325,C++
glitch,28,Java
slug,143,Ruby
unstable,171,Objective-C
bad,588,Ruby
hacks,65,Python
junk,87,Ruby
bumped,836,C
suppression,587,C++
killed,166,Java
difficult,11,Java
warning,189,Objective-C
strange,133,Ruby
ax,40,Ruby
pedantic,37,JavaScript
problem,1794,Ruby
enemies,41,C
undefined,290,JavaScript
chore(rest,26,JavaScript
struggling,102,JavaScript
broken,636,Python
attack,130,Java
freeze,50,Java
ignore,1796,Objective-C
glib,120,C
forbid,100,Java
dark,50,PHP
ugly,123,C
incorrect,208,Ruby
dead,1026,C++
tired,29,C
freezing,58,Python
trash,93,C++
problems,333,Ruby
splitting,21,Objective-C
drag'n'drop,20,JavaScript
lazy,110,C++
disabled,1512,PHP
fat,119,C
minor/ignore,25,C#
fucking,158,C++
strange,99,C++
trash,118,Java
lisäsin,28,PHP
vagrant,519,Ruby
passive,34,Java
incorrect,157,Java
unimportant,23,Java
alarm,251,Java
object,729,JavaScript
bugs,467,C
ugh,518,Ruby
failing,303,JavaScript
limited,159,Python
blur,244,JavaScript
bumping,216,Shell
unknown,48,Objective-C
limit,1064,Ruby
dumb,64,C++
failed,309,Java
lost,176,Java
omit,47,Shell
destroy,88,C++
dump,275,Java
fall,79,Java
deprecate,670,Ruby
puppet,140,Shell
http://work.netxforge.com/issues/392,14,Java
chore(readme,176,JavaScript
conflict,101,Shell
mock,316,Java
obsolete,166,Java
ugh,384,Python
die,129,Python
miss,62,Java
bash,280,Ruby
strict,39,Java
mocks,25,Ruby
hard-code,12,PHP
crash,82,Ruby
alarm,95,C
nonsense,31,JavaScript
unknown,135,Python
monster,40,Ruby
pointless,63,Java
deprecate,415,Python
breaking,137,C#
die,81,Shell
errors,276,PHP
cloud,42,C++
naive,85,Ruby
twisted,110,Python
trouble,101,Ruby
dungeon,46,C++
drastically,54,JavaScript
bomb,33,Ruby
undefined,272,PHP
fail,230,C++
damn,308,Python
débug,30,PHP
creep,15,Java
lazy-load,13,JavaScript
die,287,PHP
intermittent,17,JavaScript
urgent,44,PHP
dungeon,32,JavaScript
mock,42,C
fucking,606,JavaScript
kills,11,Java
failed,236,Python
guile,26,Ruby
err,235,JavaScript
dark,45,Python
destroy,483,JavaScript
dupe,22,PHP
drag,113,C++
trivial,842,Java
ugly,349,JavaScript
weird,287,Ruby
messed,443,JavaScript
breaking,99,C
crazy,85,C
blame-tree,155,C
slowly,75,C++
"issue,posting",18,JavaScript
expired,30,Ruby
unfinished,126,PHP
stab,26,Python
mistake,118,Ruby
sin,231,JavaScript
redundant,119,Python
expire,93,JavaScript
mocking,111,JavaScript
slow,110,Ruby
blah,255,C#
squash,214,C++
incorrect,85,C
sloppy,29,Python
fake,201,Java
undone,53,JavaScript
fail,187,C
chore(gruntfile,53,JavaScript
issues,69,C
mangle,22,Python
hard-code,30,Python
funny,62,JavaScript
isolated,68,Python
terrible,48,JavaScript
unfinished,236,Java
idle,62,JavaScript
tentative,148,C++
vagrant,141,JavaScript
useless,72,Shell
st,190,JavaScript
sap,35,JavaScript
kill,888,C
bug-fix,255,Python
incorrectly,18,Java
error,574,C#
incorrect,293,PHP
dumb,38,Shell
conflicts,204,PHP
dump,441,C
broken,90,Objective-C
overdue,12,Python
object,292,C
bad,97,Objective-C
ugh,74,C#
unknown,66,C++
dirty,290,Ruby
dead,75,Shell
collapse,69,Java
hack,165,Shell
ambiguous,24,Java
unsure,34,Ruby
disallow,205,PHP
overdue,23,JavaScript
enemy,332,Java
issues,390,PHP
tired,36,Java
unimportant,29,JavaScript
discourage,14,Ruby
danger,11,PHP
coerce,21,Java
revenge,12,PHP
suppress,415,PHP
unfinished,101,C
horrible,19,C#
sticky,187,PHP
squash,249,Python
failure,423,Shell
knock,18,Java
dead,187,JavaScript
sty,147,C
problem,659,C
tentative,249,Java
bum,25,JavaScript
invalidate,52,C++
restrict,149,C++
darkened,25,Java
mock,333,Ruby
static,166,C#
superfluous,52,JavaScript
downgrade,60,C
ugly,34,Shell
plot,57,Ruby
invalid,179,Java
tentative,207,JavaScript
mock,26,Objective-C
useless,270,Python
crash,373,C++
freaking,33,Java
greedy,72,Java
miscellaneous,126,Ruby
obsolete,93,Ruby
social-stuff-in-index-overrated,12,Python
scratch,78,JavaScript
hacks,69,C
obsolete,84,C#
rip,116,JavaScript
useless,216,PHP
useless,336,C
fat,97,JavaScript
falling,98,JavaScript
greedy,13,Ruby
incomplete,159,Ruby
rail,92,Ruby
death,144,JavaScript
bust,46,JavaScript
incomplete,168,PHP
wrong,191,C#
trash,112,Ruby
dumb,214,Python
scrap,73,JavaScript
enable/disable,47,Ruby
static,882,Java
lose,63,Ruby
spurious,30,C++
silly,475,Python
unnecessary,166,C++
trivial,144,Objective-C
shake,66,Java
hack,513,C++
fuzzy,19,Shell
lie,35,Ruby
eschew,92,Shell
weird,472,JavaScript
https://issues.jboss.org/browse/plfed-333,63,Java
breaking,214,PHP
killed,144,PHP
tentative,92,PHP
err,184,C++
knock,14,Python
unnecessary,430,Java
auto-attack,11,JavaScript
disallow,264,Python
unnecessary,234,Ruby
tentative,75,Ruby
attack,66,PHP
sting,22,JavaScript
https://issues.jboss.org/browse/jbpapp-8942,15,Java
tired,83,JavaScript
dumping,35,C
mistake,102,PHP
past_new_loop.bash-commit,916,JavaScript
hard,147,PHP
hardened,14,C#
slowly,145,Python
problem,363,PHP
unneeded,130,Java
fatal,156,PHP
bug-fix,39,Shell
complex,110,Java
warning,345,PHP
lost,105,Python
paranoid,13,Shell
unknown,117,PHP
slow,103,C
swipe,169,Objective-C
fucking,283,PHP
buggy,62,C
bash,237,C
crude,71,Java
miscellaneous,157,Python
delay,73,Objective-C
omit,72,C++
messing,319,PHP
sorry,227,Ruby
slowly,184,JavaScript
dinky,36,Ruby
unable,30,Python
rdar://problem/12022371,12,C++
redundant,221,Java
smoke,41,Java
noise,232,C
crappy,19,PHP
killed,53,C
complex,68,Python
broken,574,Ruby
splitting,367,Python
merge_into_dev_4_4-broken-conflict-needs-fixes,23,Java
merge_into_dev_4_4-broken-conflict-needs-fixes,22,Python
weak,39,Java
negative,52,Ruby
monster,24,PHP
fix:bug,19,JavaScript
drag,41,C
undid,145,C++
weird,226,Java
stale,21,JavaScript
redundant,77,C++
crash,105,JavaScript
obscured,11,JavaScript
limit,442,C++
warning,478,Java
sorry,443,JavaScript
stress,30,Python
crazy,17,C#
slower,17,C++
plot,205,JavaScript
defensive,47,JavaScript
issues,319,Ruby
dump,596,JavaScript
nitpick,44,Python
delay,65,PHP
mistake,69,C++
ripped,65,JavaScript
sap,32,C
fucking,79,C#
limited,340,JavaScript
scratch,77,Python
passive,16,Ruby
burn,50,JavaScript
weak,26,Python
ripped,47,Java
object-storage,82,C
jabber,19,Java
restrict,186,C
warp,52,C++
chore(grunt,135,JavaScript
deprecate,20,C#
tank,52,C#
delay,190,C
miss,17,Objective-C
errors,142,C++
sadly,11,Java
fucking,72,Shell
darker,208,JavaScript
lag,35,JavaScript
overloaded,16,Ruby
obstacle,12,C++
break,323,C++
noise,65,JavaScript
unable,34,Ruby
mock,97,C++
mistake,28,Objective-C
object,479,C++
suppress,364,Python
brute,46,Ruby
sticky,676,JavaScript
regression,234,Python
destroy,160,C
erase,134,C
complex,66,C++
insane,21,JavaScript
weak,51,Objective-C
mess,61,PHP
awkward,12,Java
nasty,47,Java
decrement,23,Java
splitting,214,C++
unnecessary,284,Python
jabber,150,C++
trashed,16,Java
death,50,Ruby
fuzzy,26,C++
spurious,24,Java
beware,18,Python
cheat,56,JavaScript
undefined,63,Ruby
coerce,105,Ruby
tank,97,Java
tank,39,PHP
breaking,251,Python
screwed,49,Java
damn,646,JavaScript
redundant,66,PHP
sloppy,17,PHP
pretend,23,JavaScript
enemy,170,C++
dark,216,JavaScript
sticky,208,Ruby
glib,77,Shell
decrement,15,Python
reject,212,Ruby
mocked,100,JavaScript
overloaded,22,Python
pedantic,45,C
bs,20,Python
object,357,Python
disallow,163,C
isolate,46,PHP
erase,155,C++
omit,94,Java
death,31,PHP
showdown,28,JavaScript
abort,208,JavaScript
blurring,21,JavaScript
frozen,17,Ruby
failure,64,JavaScript
dirty,214,C
enemies,107,C++
unstable,172,JavaScript
raked,64,Ruby
naive,140,JavaScript
limits,40,PHP
object,179,Ruby
bleeding,964,Java
slow,170,Python
undid,72,C#
blind,41,Java
deprecate,462,PHP
trash,53,C
sad,262,JavaScript
downgrade,92,Shell
crush,56,JavaScript
scrap,19,PHP
dumping,30,C++
unable,40,PHP
confusing,18,PHP
abort,96,C
bad,573,PHP
clash,13,Ruby
defect,44,Ruby
isolate,137,Java
regression,202,JavaScript
stuck,157,JavaScript
killed,292,JavaScript
useless,82,Objective-C
froze,19,Python
unsuccessful,20,Python
broke,436,Ruby
reject,102,Python
killing,117,Ruby
false,74,Ruby
overloaded,97,C++
slow,144,Java
miscellaneous,35,Objective-C
mess,134,JavaScript
crap,25,C#
case-insensitive,37,Python
restrict,406,Python
strict,71,C
destroy,92,PHP
chore,89,Python
broken,665,Java
delay,43,Shell
undid,211,Ruby
abuse,23,JavaScript
invalid,223,PHP
dead,89,C
urgent,34,Python
st,53,C++
explode,49,JavaScript
dumped,17,Java
hardened,30,Java
incomplete,137,C++
squash,227,JavaScript
bum,24,Ruby
horrible,21,PHP
flaky,15,C++
unneeded,14,C#
messed,38,Shell
tentative,140,Python
plot,133,C
shame,22,Python
slowly,84,C
strange,183,JavaScript
crazy,20,Shell
bomb,32,C++
tout,54,PHP
nightmare,206,C
dumping,61,Ruby
squash,109,PHP
problems,269,Java
incorrect,29,Objective-C
defensive,28,Python
ugly,245,Ruby
trivial,277,PHP
stuck,14,C#
failing,58,C
pry,179,Ruby
undid,94,PHP
fake,173,PHP
chore,132,PHP
funky,20,Java
pain,16,JavaScript
regression,23,C#
rejected,25,PHP
isolated,40,C++
bugs,181,C#
fuck,204,Shell
restrict,288,Java
sass-rails,34,Ruby
swipe,136,Java
mistake,237,JavaScript
isolated,78,Java
annoying,114,JavaScript
glitch,51,JavaScript
issue-1,18,PHP
crap,91,Java
drag,132,Python
idle,59,C
slower,29,C
opponent,14,Java
erase,27,Shell
critical,18,Shell
wrong,565,C++
slower,14,Ruby
deprecate,135,C++
enemy,264,C#
invisible,72,JavaScript
horrible,60,Python
darker,58,PHP
fatal,26,C++
emergency,99,Java
bug-fix,69,PHP
unfinished,107,C++
lost,279,JavaScript
restricted,192,Ruby
failed,115,C
crazy,67,PHP
crap,14,Objective-C
set-up,39,Ruby
broke,112,C#
downgrade,350,JavaScript
redundant,81,Ruby
conflicts,51,Shell
bumps,60,Java
bash,120,PHP
core/gossip,27,C++
monster,53,Python
sap,35,Java
issue#44,33,PHP
issues,35,Shell
mar,112,JavaScript
errors,65,C#
blind,29,C++
bash-completion,48,C
wild,25,Java
smoke,38,Python
rough,50,Shell
dirty,60,Shell
chore($nglocale,19,JavaScript
evil,46,Java
exclusion,27,PHP
emergency,93,Python
horrible,44,Java
mistake,97,C
chore(angular,13,JavaScript
miscellaneous,216,JavaScript
limit,103,C#
failure,21,PHP
limit,107,Objective-C
inactive,29,PHP
growl,14,PHP
odd,36,Python
silly,88,Shell
fat,49,Ruby
undone,67,Java
subversion/svn/svn.c,17,C
bloody,17,Java
miss,56,PHP
strict,74,Python
futile,14,Ruby
mess,125,Ruby
restrict,72,Shell
fudge,28,JavaScript
critical,136,JavaScript
invalidate,105,Python
bomb,102,Java
subversion/include/svn_client.h,13,C
incorrect,40,C#
dump,94,Shell
mar,39,PHP
idle,39,C++
swipe,54,PHP
crazy,120,Java
improper,18,JavaScript
freaking,41,JavaScript
rage,29,Java
lose,56,PHP
slow,135,C++
enemy,86,Python
brute,80,Java
delay,189,C++
plot,173,Java
obsolete,148,Python
curses,83,Python
trick,30,JavaScript
restriction,26,Java
mistake,113,Java
inactive,50,JavaScript
suppression,132,C#
errors,163,C
unneeded,58,C
negative,101,JavaScript
revoke,19,Ruby
fucking,85,Objective-C
conflicts,89,C#
testy,43,Ruby
fucking,334,Ruby
drag,132,Objective-C
subtract,23,C++
buggy,58,Ruby
narrower,16,Ruby
sticky,12,C
broke,100,Shell
suspicious,11,C
unneeded,31,Shell
stuffy,23,Java
sick,17,Java
suppress,194,Shell
delayed,241,Ruby
shameless,22,Ruby
horrible,57,Ruby
pinch,34,Java
isolated,54,Ruby
ripped,58,Ruby
negation,13,Ruby
invalidate,78,Ruby
crude,45,Ruby
danger,43,JavaScript
discourage,11,C++
drastic,34,JavaScript
fake,129,C
erroneous,15,C
fall,115,C++
sloppy,43,Ruby
https://issues.griddynamics.net/browse/jfg-152,12,Java
untested,244,C
greedy,45,Python
accidental,12,Objective-C
dumped,93,JavaScript
enemy,247,JavaScript
breaks,111,JavaScript
abort,26,C#
panic,19,C++
false,64,Java
dumb,179,Ruby
hum,33,PHP
collapse,110,PHP
rogue,19,Python
primitive,41,C#
break,366,PHP
arbitrary,54,JavaScript
exploit,24,Ruby
knock,13,C++
fist,50,C++
dead,110,Python
brute,47,C
blow,12,Java
flee,14,C#
buggy,88,Python
invalid,193,Python
cave,14,JavaScript
unfortunately,31,Java
unstable,90,C++
needless,20,Ruby
grundgerüst,24,Java
odd,40,Ruby
wine-unstable,21,C
scrap,33,Python
throttle,43,Python
omit,24,Objective-C
fist,71,PHP
ugh,191,PHP
mocks,49,PHP
insignificant,45,JavaScript
fuck,159,Objective-C
http://issues.nfractals.com:8080/browse/peloton-1028,19,JavaScript
stupid,176,C#
downgrade,61,C#
unwanted,51,Ruby
chore(ngdocs,91,JavaScript
accidental,44,Java
invalid,30,Shell
rip,17,C#
chore,334,Ruby
superfluous,12,C++
errant,29,JavaScript
death,59,C#
rift,13,C++
defensive,115,Java
funny,22,C
decline,14,Python
nitpick,13,Ruby
fake,284,Python
shit,124,C
conflict,156,C#
redundant,72,C
noise,21,Ruby
fail,158,Shell
die,262,JavaScript
false,31,C++
bumping,231,C#
static,116,Objective-C
bomb,96,JavaScript
kills,17,Ruby
implode,28,PHP
unwanted,88,Java
bugs,254,Objective-C
blame,18,Java
invalid,20,Objective-C
struggling,45,Java
useless,167,Ruby
miscellaneous,143,C++
accidental,35,PHP
de-dupe,14,Ruby
isolate,52,C++
accidental,37,Python
conflict,206,C
obscure,13,JavaScript
invalidate,19,C#
limit,140,Shell
project/my_code/limits.h,12,C
bug-fix,131,C++
blah,251,Shell
mocking,42,Ruby
decrement,31,JavaScript
miscellaneous,45,Shell
expire,38,PHP
defects,14,Ruby
ugh,77,Objective-C
limits,29,C++
issues,73,C++
restrict,30,Objective-C
pointless,13,Shell
obsolete,76,C++
latency,25,JavaScript
bug-fix,61,Ruby
gnome-inhibit,27,Python
obsolete,49,C
fail,73,C#
problems,173,C++
pimple,34,PHP
desperate,47,JavaScript
garbage,24,Shell
isolate,76,Python
dumping,14,Shell
miss,33,C++
dumping,85,JavaScript
bored,14,Java
poor,45,Ruby
invalid,86,C
incorrect,26,Shell
lame,107,JavaScript
crude,33,PHP
unfinished,185,Python
lag,27,PHP
leak,51,Objective-C
darken,36,Python
messed,308,Java
bad,273,C
missed,237,Objective-C
miss,148,JavaScript
messy,102,JavaScript
insanely,13,Python
curse,17,Ruby
hard-coded,60,JavaScript
unexpected,33,JavaScript
harden,84,Python
sneaky,13,Java
rdar://problem/11374963,20,C++
script/scratch/add_missing_phenotype_tags.rb,16,JavaScript
punch,60,JavaScript
collapse,139,Ruby
tout,24,Ruby
screwed,48,Python
chaos,19,Python
hate,56,JavaScript
slowly,96,Ruby
isolated,36,PHP
creeps,15,C++
rip,126,C++
issues,65,C#
bash-completion,26,Shell
err,86,PHP
attack,97,Python
shit,154,C++
rogue,30,Ruby
torrent,19,Ruby
expunge,13,Python
static,106,Shell
unstable,85,Python
carp,64,C
lisäsin,33,Java
critical,102,C++
limited,183,Ruby
messy,36,C
naive,160,Java
exclusion,93,Java
unstable,120,PHP
bs,14,C++
blah,261,Objective-C
isolate,56,C
destroy,126,Java
invalidate,39,PHP
overzealous,13,JavaScript
rude,16,Python
violation,32,Java
frozen,34,JavaScript
slow,14,Shell
false,80,PHP
undid,239,Java
sin,16,Shell
wip][issue,73,Ruby
sad,11,Objective-C
extraneous,26,Python
bored,13,Ruby
rip,48,PHP
rogue,57,JavaScript
suppression,169,Shell
failed,219,Ruby
expired,29,Java
growl,55,JavaScript
bug/major,18,C
strange,33,C#
incompatible,13,C
damn,379,PHP
bash,97,C++
confused,34,JavaScript
damage,46,JavaScript
invalid,273,JavaScript
stole,26,Shell
isolate,161,JavaScript
fiasco.oc,51,C++
lazy,305,Ruby
st,361,Ruby
suppression,69,Objective-C
bug-fix:major,21,C++
falling,48,Java
troubles,12,C++
crash,262,Java
radical,45,JavaScript
evil,14,C#
messing,119,C#
tired,34,Python
dark,29,Shell
darker,14,Shell
rip,65,Python
sass,14,Java
suppression,210,Ruby
object.c,70,Ruby
lazy-load,12,PHP
suck,17,Java
chore(rakefile,51,JavaScript
flee,13,Java
defect,93,JavaScript
sorry,166,C
screwed,28,PHP
trash,45,Shell
subversion/libsvn_wc/wc_db.c,18,C
dragging,17,PHP
grim,546,C++
critical,101,PHP
zap,29,Ruby
errant,36,PHP
suppress,73,C#
grim/movie,29,C++
fudge,23,Ruby
complain,14,Java
loose,80,JavaScript
stun,14,C
dirty,241,Python
subversion/tests/cmdline/update_tests.py,21,C
zap,42,Python
sin,121,Ruby
urgent,26,Ruby
throttle,52,C++
dragging,40,C++
obsolete,108,PHP
alarm/xf86-video-dove,11,Shell
ugly,132,C++
hell,23,C
unstable,252,Java
isolate,148,Ruby
paranoid,42,Java
cloud,116,Ruby
dumping,64,Python
restricted,117,Java
blame,18,Python
issues,150,Python
stress,46,Java
bitch,22,Java
sin,100,PHP
bloody,38,Python
limited,96,C++
dead,63,Ruby
dragging,221,JavaScript
hell,28,PHP
bugs,217,Shell
sneaky,29,Ruby
db/loot,304,C++
nitpick,39,JavaScript
defect,19,C#
scratch,37,C
freeze,195,JavaScript
blur,29,Ruby
unable,18,C++
backward,37,Ruby
freezing,41,JavaScript
scratch,14,C#
attack,102,JavaScript
buggy,40,PHP
ugh,120,Shell
non-static,23,Java
svn:ignore,13,Java
subversion,64,Shell
stupid,265,Shell
ugly,149,PHP
sever,16,JavaScript
mistakenly,18,Python
failing,97,C#
testy,57,C++
confused,17,PHP
scrap,16,C++
delay,57,C#
bogus,35,Python
backward,78,JavaScript
darker,14,C++
tricky,20,JavaScript
breaking,52,Shell
incomplete,24,Shell
freeze,33,C
rust,87,Ruby
expired,19,PHP
unstable,26,C#
leak,22,Java
warning,90,C#
abort,85,Java
conflicts,109,C
darker,13,C
miscellaneous,176,Java
omit,105,C
drastically,16,C
wrongly,12,PHP
die,107,Ruby
chore,180,C
subversion/tests/libsvn_wc/op-depth-test.c,32,C
slug,113,JavaScript
trouble,42,PHP
webdav/st,274,JavaScript
evil,34,Ruby
testy,100,JavaScript
beware,13,C
unnecessary,125,C
conflicting,17,Ruby
crude,35,C++
strange,122,PHP
fake,101,C++
unresolved,11,C
pinch,33,Objective-C
exclusion,30,Python
vibrate,30,Java
hacks,113,JavaScript
volatile,14,C
pan,104,JavaScript
randomly,48,Python
false,11,Shell
mistake,158,Python
splitting,77,C#
negative,60,C++
noise,51,Java
broke,66,Objective-C
db/gossip,87,C++
garbage,119,JavaScript
messed,141,PHP
unstable,75,C
cheat,30,Python
omit,223,JavaScript
enable/disable,92,JavaScript
crafty,51,JavaScript
broken,86,Shell
bogus,14,Shell
shit,203,Ruby
hacks,68,C++
bs,18,C
creeps,28,Python
torrent,78,JavaScript
leak,62,C++
odd,81,JavaScript
deny,39,Java
hung,99,Java
smoke,16,C#
bug-fixes,18,Python
undone,21,Ruby
strike,46,JavaScript
restricted,14,Objective-C
fuck,203,C#
core/static,11,PHP
fault,24,Python
mangle,12,JavaScript
complex.c,33,Ruby
forbidden,24,JavaScript
abort,46,Shell
hell,50,Ruby
ugly,29,Objective-C
disallow,227,Ruby
squash,89,Shell
engine]issue,16,C
monster,85,C++
ripped,19,C
deny,34,JavaScript
incomplete,71,C#
hard-coded,32,Java
dies,48,Java
hardened,44,Python
killing,69,PHP
hack,150,C#
breaks,22,C++
hell,61,Java
desert,12,Java
worst,21,Ruby
scramble,31,Java
limits,63,JavaScript
chore(license,27,JavaScript
hard-code,46,Ruby
vagrant,24,Java
alarm,32,Objective-C
limited,167,Java
latency,29,Java
lemon,15,JavaScript
damage,46,C#
idle,17,C#
stuck,57,Java
passive,35,JavaScript
audacity,37,Shell
slap,18,Python
delayed,167,JavaScript
failed,40,Objective-C
scratch,26,PHP
hard-coded,24,Python
reject,125,C++
mad,44,Ruby
hell,85,JavaScript
ghetto,56,JavaScript
crush,13,Ruby
git-ignore,11,C
invalidate,59,C
leak,69,C
unsure,12,C
primitive,141,JavaScript
complain,22,Ruby
err,110,Ruby
critical,117,Python
loose,34,C
odd,20,C#
tempest,13,Python
confused,39,Ruby
unknown,78,C
unwanted,85,JavaScript
info756/2012-fall,26,JavaScript
fuzzy,100,JavaScript
screwed,65,JavaScript
killing,95,Python
negative,49,C
skeletons,31,Java
hacks,29,PHP
break,136,Shell
damn,135,C++
bug:fix,52,C#
simplistic,11,Java
strict,75,C++
fake,49,C#
bullshit,15,Ruby
brute,37,JavaScript
failed,121,PHP
invalid,197,Ruby
trap,38,C
incorrect,309,JavaScript
unneeded,100,Python
rift,11,Java
breaks,25,C
junk,23,C#
killing,182,JavaScript
mess,32,C++
weird,138,C++
pan,72,Ruby
crap,30,C++
alarm,47,Python
confusing,21,Ruby
bomb,34,Python
dark,18,Objective-C
frozen,25,Python
dumped,79,PHP
confusing,34,JavaScript
primitive,43,PHP
st/dri,11,C
sad,130,Ruby
crude,91,Python
isolation,12,C++
omit,174,Ruby
redundant,82,C#
growl,39,Ruby
tank,15,Python
obstacle,23,C
bullshit,50,Java
obsessive,14,JavaScript
pretend,20,Python
mess,68,Python
stab,33,JavaScript
messing,104,Objective-C
fib,22,Ruby
subversion,177,Ruby
deny,44,Ruby
vagrant,127,Python
stupid,145,Objective-C
undefined,39,Java
scary,20,JavaScript
attacks,15,Python
coerce,92,Python
unneeded,69,Ruby
mirage,22,Shell
symptom,14,JavaScript
vanity,23,Python
cheap,26,JavaScript
useless,50,C#
failing,114,PHP
vanity,26,Ruby
invalid,64,C++
guile,20,Shell
drastically,29,Java
crashing,11,C++
complain,30,C
grim/emi,16,C++
scratch,63,Java
incompatible,12,JavaScript
screwed,12,Shell
cheating,16,Java
monster,47,C#
alarm,29,C++
deadlock,77,Java
pointless,73,JavaScript
sick,21,Ruby
bitch,16,C
danger,19,Ruby
nitpicking,57,Python
sin,111,Java
hard,112,C
common-src/glib-util.c,42,C
unsupported,11,C++
rogue,22,C++
unexpected,12,Ruby
fall,198,Python
darker,17,Objective-C
trap,12,C#
fib,15,C++
cheat,17,C
trap,41,Java
attack,26,C
lose,98,JavaScript
guile,43,C
reject,66,Java
failure,75,Ruby
devil,41,Ruby
unsafe,27,Java
problems,71,C#
trick,26,Ruby
lost,25,Shell
shake,36,Objective-C
dirty,147,PHP
tanks,18,C#
falling,24,C++
killed,149,Ruby
slug,116,Python
backward-incompatible,15,Python
enable/disable,51,C++
lost,49,C#
unsure,22,C++
lose,11,Shell
problems,25,Shell
fake,48,Shell
snag,15,JavaScript
badly,11,Python
leer,27,Java
stuck,50,Python
overloaded,69,Java
mock,51,C#
rip,11,Objective-C
difficulty,38,JavaScript
cloud,72,PHP
stuck,147,Ruby
crappy,44,Java
undid,139,C
death,37,C
shake,82,JavaScript
nasty,54,JavaScript
evil,19,PHP
kill,289,Shell
limits,12,C
isolated,31,C
drag-n-drop,20,JavaScript
steal,13,PHP
http://issues.liferay.com/browse/maven-39,14,Java
errors,49,Objective-C
subversion/libsvn_client/patch.c,16,C
lame,13,C
yawn,17,JavaScript
crappy,46,Python
terrible,33,Python
messy,25,C++
tentative,120,C
glib,29,C++
revoke,13,Java
case-insensitive,24,JavaScript
miscellaneous,116,C
crappy,33,C
unfinished,128,Ruby
junk,40,C++
incomplete,167,Python
proprietary-files,28,C
dumps,12,C++
meaningless,35,JavaScript
sloppy,15,C++
explode,68,Java
weird,159,PHP
loot,30,C++
overdue,20,Ruby
glib,140,Ruby
crap,31,Shell
killing,98,Java
console.error,17,JavaScript
junk,52,PHP
fist,23,C#
chore(resque-reports,16,Ruby
growl,17,Shell
lose,43,Python
cons,21,JavaScript
fall,30,C#
crash,179,Objective-C
trouble,97,JavaScript
stuck,41,C++
irrelevant,20,Python
silly,154,C++
shake,24,PHP
strange,43,Objective-C
fno-strict-aliasing,11,C
rip,133,Ruby
strict,56,Ruby
drag,147,PHP
pedantic,34,Python
lazy,135,C
hard,54,C#
glitch,18,C++
destroy,20,Objective-C
fall,80,C
discontinued,13,Python
cry,17,Java
obliterated,13,JavaScript
skeletons,24,Python
jolt,30,PHP
rage,28,Ruby
isolated,24,C#
die,91,C#
delay,266,Python
rant,22,JavaScript
confusing,19,Java
degrade,31,JavaScript
passive,16,C
mad,28,C++
aggressive,14,JavaScript
testy,138,Java
trick,19,C++
bug-fix,80,C
shameless,19,Shell
darker,41,Ruby
fatal,46,JavaScript
picky,14,Java
nuisance,13,Python
mysterious,18,Ruby
ghetto,14,C++
radically,29,JavaScript
fat,37,Python
activerecord::base#destroy,12,Ruby
stale,32,Ruby
ugh,123,C++
problems,95,C
nitpicking,18,Java
worst,18,C
crude,17,C#
shake,15,Ruby
pedantic,53,PHP
tank,64,JavaScript
shimmer,11,C
static-linked-ext,15,Ruby
wrong,165,Objective-C
mistakenly,38,JavaScript
refuse,17,Ruby
incorrectly,26,Python
falls,14,Java
urgent,12,C++
deluge,16,Shell
object.defineproperties,11,JavaScript
discontinued,18,Ruby
two-lame,22,Ruby
delayed,35,PHP
odd,19,C++
ghetto,15,Objective-C
sink,62,C++
picky,53,Ruby
overkill,14,Java
regression,204,PHP
chore(style,12,PHP
bug-1208,13,PHP
ti-st,12,C
lack,24,JavaScript
chore(dom,16,JavaScript
miss,35,C
brute,50,C++
fail,51,Objective-C
randomly,23,C
tentative,21,Shell
undone,18,Python
fails,22,C
erase,82,Python
unwanted,18,C#
ugly,38,C#
fist,110,Java
thicker,41,JavaScript
miss,12,C#
backward,65,Java
tout,30,C
cloud,76,Python
manipulate,17,Ruby
fails,43,JavaScript
failures,16,Java
defect,14,Objective-C
sink,15,JavaScript
junk,52,C
strike,16,Java
trick,15,PHP
destroy,116,Python
redundant,24,Objective-C
nasty,57,Ruby
err,62,Python
garbage,97,Java
odd,55,Java
cold,11,JavaScript
vice,14,JavaScript
mistakenly,13,C++
complex,63,C
knock,42,JavaScript
downgrade,65,C++
monster,44,C
killed,105,Python
accidental,29,C
marginally,19,Python
confusion,36,Java
unknown,49,C#
bin/bash,13,Shell
set-up,31,Python
death,97,Java
lost,73,C++
sad,106,Java
puppet,84,Python
hacks,16,C#
core/object,23,C++
flicker,43,JavaScript
banish,14,JavaScript
messed,67,C#
erase,52,PHP
dumped,48,Python
stress,61,JavaScript
accidental,30,Ruby
messy,48,Java
explode,17,Python
sqfsd/sdr.bash,15,Shell
vibrate,44,JavaScript
https://issues.jboss.org/browse/jbide-11546,18,Java
lost,52,C
fault,26,JavaScript
sad,892,Python
fatal,20,Ruby
regression,170,Java
complain,24,C++
wrongly,11,Java
growl,19,Python
gross,24,JavaScript
risk,52,JavaScript
chaos,31,C++
embarrassing,18,Ruby
pig,21,JavaScript
abort,147,Python
blind,17,PHP
friction,24,C++
mess,46,Java
enemies,126,JavaScript
crash,87,C#
nonsense,17,PHP
modules/programs/bash/bashrc.sh,12,Shell
problem,98,Objective-C
primitive,85,C++
creep,16,Python
mistakes,42,JavaScript
issue](#4,16,Python
sick,12,PHP
hate,49,Ruby
garbage,68,C++
glitch,52,C
provoke,14,JavaScript
loose,17,C++
tanks,28,Java
accept/reject,12,Python
freeze,20,C#
trick,38,Java
cheat,48,Java
fool,12,Ruby
weak,38,C++
crashing,18,Java
stale,17,Python
delayed,69,Java
fall,30,Shell
crazy,66,Python
chore(deps,31,JavaScript
manipulate,12,JavaScript
angry,37,JavaScript
crappy,47,Ruby
unable,79,Java
randomly,45,Ruby
limits,47,Ruby
decrement,17,C++
undid,38,Shell
restricted,100,PHP
wip)bug,23,JavaScript
naive,21,C#
reject,13,Shell
complex,35,PHP
freezing,33,Ruby
rigid,11,C++
mad,34,PHP
tentative,25,C#
rude,17,JavaScript
marginally,16,Shell
backward,12,Objective-C
crash,114,Python
killed,52,C#
idle,39,Java
attack,47,C++
damage,44,C++
drones,14,C#
pain,15,Ruby
dumb,18,C#
delayed,17,C#
inactive,26,Java
falling,29,C#
primitive,146,Java
terrible,23,Java
slowed,21,C#
sadly,15,Python
vibration,20,C
nitpicking,32,JavaScript
pig,123,Java
dump,20,Objective-C
collapse,70,C++
subversion,25,C
doom,11,JavaScript
fails,29,Ruby
negative,44,PHP
terrible,44,Ruby
complex,55,C#
insecure,24,C
plot,42,Objective-C
slave,36,Java
blame,23,C
improper,16,PHP
page-breaking,19,Ruby
st.c,33,Ruby
lame,25,Java
damn,142,Shell
gossip,15,Ruby
mistake,38,Shell
set-up,23,Java
sneak,14,Java
debug=false,20,Python
defect,66,Java
cloud,167,Java
unknown,15,Shell
chore(nganimate,11,JavaScript
bogus,25,C
failure,36,Python
weird,53,Objective-C
sorry,43,Objective-C
st,53,PHP
incorrectly,38,JavaScript
dumps,11,C#
subversion/tests/cmdline/merge_tests.py,17,C
flagging,27,PHP
invalidate,116,Java
dead,44,PHP
stealing,13,Ruby
testy,47,PHP
nettle,17,Shell
latency,12,Ruby
hardened,28,PHP
sin,46,C++
cloud,12,Shell
dump,52,C#
mocking,36,PHP
unneeded,135,JavaScript
lure,21,C++
torrent,25,Java
unimportant,15,PHP
mistakes,17,Java
accidental,81,JavaScript
embarrassing,12,JavaScript
garbage,12,Objective-C
strange,130,Python
slower,31,Java
die,90,C++
overloaded,27,C#
plot,55,Shell
hardened,15,Shell
bogus,42,JavaScript
rubbish,12,JavaScript
sloppy,36,JavaScript
punch,19,Java
needless,11,Java
ax,18,JavaScript
ghetto,39,Ruby
dumping,31,Java
crash,167,C
cons,12,C
annoyance,12,Ruby
horrible,60,JavaScript
problem,54,Shell
poor,13,PHP
dying,13,Java
overdue,14,PHP
sorry,57,C#
steal,36,C
slowly,53,C#
undefined,45,C++
dim,32,C
unneeded,91,PHP
confused,16,Python
fall,26,Objective-C
poor,62,JavaScript
irrelevant,34,Java
delaying,26,JavaScript
unsupported,20,Java
unsupported,19,JavaScript
faulty,22,JavaScript
deny,14,C
crazy,78,Ruby
disallow,31,C#
plague,24,Java
invalidate,35,Objective-C
strange,80,C
restricted,127,Python
spurious,30,Python
mocked,11,C++
decrement,20,Ruby
awful,19,Python
kill,80,Objective-C
funky,30,JavaScript
un-break,18,Python
silly,66,C#
damned,17,PHP
leechcraft-unstable,21,Shell
flare,50,C++
mocks,18,Java
death,68,C++
darker,35,Java
aggressive,55,C
dim,59,JavaScript
madness,24,JavaScript
issue-#1,51,Java
crap,81,Ruby
conflicts,85,Objective-C
problems,148,PHP
https://issues.jboss.org/browse/jbide-11302,21,Java
enemies,76,Python
core/dungeon,43,C++
st,29,Shell
pig,44,Python
issue-2,26,PHP
true/false,17,Ruby
emergency,101,PHP
idiot,26,PHP
revoke,33,PHP
mirage,170,PHP
dark,18,C
audacious,64,C
anti-spam,16,PHP
evil,16,Python
insignificant,29,Python
junk,77,Python
panic,62,C
ding,23,JavaScript
garbage,72,Python
prohibit,30,JavaScript
crashing,14,JavaScript
breaks,27,PHP
dungeon,36,Java
harden,27,C
dumping,77,PHP
limits,56,Python
risk,17,Ruby
dim,16,Ruby
tout,41,C++
gst-plugins-bad,27,C
cheap,19,Python
qca-swiss-army-knife,21,C
cheat,33,C++
cons,24,Python
drastic,16,PHP
collapse/expand,29,JavaScript
rough,66,C#
prohibit,35,Java
aggressive,21,Java
curse,14,Java
un-ignore,13,Java
blur,36,Java
flagging,15,JavaScript
deny,14,Shell
dragging,26,C#
expand/collapse,26,JavaScript
swagger,52,JavaScript
smash,16,Ruby
rejected,43,C++
boring,26,C++
beg,25,C++
worthless,22,JavaScript
garbage,25,C#
shit,89,Objective-C
evil,25,C
fallout,12,Shell
panic,20,JavaScript
fuzzy,38,Python
dead,85,C#
bug-fix,29,C#
wicked,15,JavaScript
killed,106,C++
waste,14,Ruby
idle,28,Python
crashing,13,C
brute,91,Python
unnecessary,43,Objective-C
nasty,66,Python
delayed,40,C++
calcs/hazard/classical/core,14,Python
wrongly,13,JavaScript
object-id,31,C
crude,16,Objective-C
burn,19,C
slap,15,Java
annoying,34,PHP
wrongly,14,Ruby
poky.conf,18,C
git-ignore,36,Java
buggy,20,Shell
chatter,40,JavaScript
tired,26,C++
messed,97,C++
crap,88,Python
unresolved,11,Ruby
cheap,31,Ruby
drastic,42,Shell
mocked,68,Ruby
die,25,Objective-C
steal,45,JavaScript
unstable,51,Ruby
bug-fixes,13,Java
unfinished,36,C#
reluctantly,15,JavaScript
forbidden,20,Python
difficulty,45,Java
audacious,33,Shell
slime,17,Java
lazy,44,Shell
unsure,39,Java
stuck,59,C
isolation,14,Java
failed,70,C#
bug-fix:minor,47,C++
tout,92,Java
rejecting,16,Java
slowed,26,Python
damage,17,Ruby
marginally,16,C++
annoying,54,Ruby
complain,54,Python
miss,23,Shell
testy,28,Python
sever,18,Java
lag,12,C
mn,40,Python
débug,11,JavaScript
issues,57,Objective-C
hard-coded,11,C
bug-fixes,14,C
fiasco.oc,31,C
crash,12,Shell
rs-mock,22,Java
erroneous,24,Python
knife,85,Ruby
froze,15,JavaScript
noisy,14,Ruby
whiny,12,Ruby
chore(pkg,20,JavaScript
hate,24,Java
brutal,12,Ruby
splitting,83,Shell
sneaky,29,JavaScript
alarm/raspberrypi-firmware,82,Shell
gst-plugins-ugly,17,Ruby
unsuccessful,14,C
rdar://problem/11457143,18,C++
bumps,27,Shell
class-dump,39,Ruby
hard-code,17,Java
belated,16,Ruby
emergency,29,C
zap,69,C++
incompatible,35,Ruby
naive,121,C++
conflicting,12,C++
grumble,13,Ruby
annoying,28,C++
primitive,39,C
blame,18,PHP
sadly,19,JavaScript
smack,11,Java
bust,30,Ruby
chore(npm,104,JavaScript
unnecessary,37,Shell
overloaded,18,JavaScript
swagger,26,Java
dust,84,JavaScript
stress,32,C
mocked,14,C#
vanity,45,PHP
chore(dependencies,28,JavaScript
break,86,Objective-C
set-up,35,JavaScript
unresolved,25,Java
bias,26,C
tentatively,29,Python
stupidly,18,Ruby
negative,70,Python
sin,25,Objective-C
disallow,193,Java
unimportant,27,C++
abolish,22,Python
confusion,27,JavaScript
tentatively,46,Java
messy,58,PHP
steal,13,C++
fuzzy,42,Java
exploit,20,Python
needless,17,C
funny,21,PHP
disregard,22,C++
lost,32,Objective-C
strictly,17,PHP
erase,15,C#
unfortunately,38,Python
unsure,21,PHP
slowed,51,C
err,54,C
faulty,12,PHP
defect,33,PHP
knife,16,Shell
mocked,68,Python
object][elf,24,C++
superficial,21,Python
blk-throttle,16,C
trick,11,Shell
dirty,37,Objective-C
junk,25,Shell
accidental,15,Shell
untested,90,Ruby
disregard,21,Python
bias,15,Python
fist,37,C
rip,22,Shell
discontinued,11,JavaScript
screwed,17,C#
slowed,38,Java
darkened,22,Ruby
slug,250,PHP
primitive,19,Objective-C
confusing,11,Python
warning,83,Shell
failing,44,C++
split)fixed,20,PHP
st,87,Java
shame,29,JavaScript
lag,32,Java
crappy,29,C++
idle,19,Ruby
disregard,17,Ruby
prohibit,11,C
pedantic,50,C++
meaningless,35,Python
desert,23,JavaScript
defensive,30,PHP
freaking,11,PHP
messing,77,Shell
sick,11,Shell
desperate,11,Java
forbid,37,C
freeze,54,C++
blur,18,Python
unwanted,32,Python
freeze,57,PHP
risk,19,Java
knife,17,Java
decay,21,C++
grumble,14,JavaScript
tentatively,17,C++
smoke,33,Ruby
bug/minor,37,C
poor,15,C#
wince,45,C
chore(ngdoc,22,JavaScript
crack,13,C
marginally,22,C
städat,18,Java
slowed,19,C++
pan,17,C
struggle,16,JavaScript
mistakes,51,Ruby
sucks,12,Python
weak,22,JavaScript
diabook-dark,21,PHP
proprietary,68,Shell
drag&drop,21,PHP
pointless,36,Ruby
hung,66,Objective-C
darken,45,Ruby
hard-coding,21,Python
trash,96,Python
twisted,22,C
idiot,26,Python
crash-handler,21,Shell
evil,19,Shell
stab,28,Ruby
bogus,11,C++
chore(app,12,JavaScript
urgent,26,Java
bs,38,Ruby
slow,55,PHP
inconsequential,14,JavaScript
fall,98,PHP
greedy,17,JavaScript
mad,32,Java
chore(config,11,JavaScript
expire,60,Python
rubbish,11,C++
fist,56,Python
fault,33,Java
superficial,16,Java
unsecure,33,Shell
fails,15,C++
scratch,12,Objective-C
overdue,35,Java
desperate,32,Python
error.c,31,Ruby
dumps,16,PHP
cave,14,Python
losing,39,JavaScript
rejecting,13,C++
expired,11,Python
losing,14,Ruby
messed,29,Objective-C
squash,29,C#
cheap,12,Shell
prohibit,14,C++
sticky,40,Java
obsessive,17,Ruby
emergency,24,C#
core/threat,11,C++
glut,50,C++
https://issues.jboss.org/browse/as7-4804,39,Java
stun,28,Java
vagrant,37,C++
sap,19,Ruby
odd,29,PHP
pinch,48,JavaScript
swipe,22,C#
glib,58,C#
beware,20,JavaScript
dungeon,24,C#
ripped,11,C#
revenge,22,JavaScript
danger,14,Java
emergency,15,Shell
extraneous,50,JavaScript
rot,11,JavaScript
bomb,25,C#
damned,19,Python
https://issues.apache.org/jira/browse/tomee-1036,25,Java
crazy,59,C++
dumped,47,Ruby
packerを使ってvagrantのbox,14,Ruby
boring,18,Python
neglected,15,Java
unsure,25,Python
restriction,22,JavaScript
unwanted,42,PHP
bug/enh,18,Python
concerns,14,Ruby
incorrectly,20,PHP
conflicting,21,Python
bloody,11,C#
bullshit,33,JavaScript
marginal,16,JavaScript
chore(demosite,31,JavaScript
suck,16,Ruby
darkness,12,C
squash,15,Objective-C
blur,36,C
kills,30,C
fails,23,Java
lazy,48,C#
tired,19,PHP
warp,18,C#
obsolete,40,Shell
buildenv/win32-static,33,Shell
db/errors,17,C++
chore(demo,28,JavaScript
anger,14,JavaScript
confusion,31,Python
passe,13,C
simplistic,32,JavaScript
monster,121,JavaScript
mocking,42,Java
trap,24,C++
ignorance,12,Java
misunderstood,13,JavaScript
rejected,39,Python
dangerous,11,Python
unsuccessful,20,Ruby
lame,14,PHP
pan,32,Java
chore(karma,14,JavaScript
dragging,15,Objective-C
garbage,60,Ruby
passive,18,C++
burn,19,Java
forbid,56,C++
freaking,38,Ruby
damage,20,Python
shame,11,PHP
dumped,33,Shell
enable/disable,96,Java
deadlock,25,C++
slowly,56,PHP
absentee,11,Ruby
nasty,51,C
bloody,27,PHP
torrent,47,Python
plot,21,PHP
problems-show,19,Ruby
insignificant,11,C++
strike,38,Ruby
picky,12,JavaScript
devil,18,JavaScript
garbage,59,C
death,11,Objective-C
improper,23,Python
hum,23,Java
hard-code,35,JavaScript
zapped,11,PHP
dense,12,C++
sneaky,21,Python
wild,12,Python
incorrectly,40,Ruby
noise,78,C++
dupe,24,Java
terrible,23,C
crack,15,Python
nonsense,27,Python
difficulty,35,C++
leaks,25,Objective-C
unsafe,11,JavaScript
dragging,11,Ruby
deadlock,22,Python
radical,18,Ruby
elimination,27,Python
overloaded,19,C
worst,32,JavaScript
unfortunately,34,JavaScript
darken,11,C++
dumps,11,Ruby
vibration,71,Java
killed,23,Objective-C
crap,64,PHP
nonsense,15,Ruby
loose,73,Ruby
enable/disable,44,Python
insignificant,34,PHP
screwed,12,Objective-C
chore(changelog,24,JavaScript
crush,29,PHP
restricted,32,C++
loot,36,C#
win/lose,14,JavaScript
like/dislike,11,JavaScript
penalty,23,C#
overloaded,13,PHP
throttle,14,PHP
abyss,46,Ruby
tangle,11,JavaScript
struggling,11,Objective-C
mad,32,Python
decrement,37,C
erroneous,11,C++
struggling,58,Python
trick,17,C
aggressive,11,Python
nitpicking,22,Ruby
nof-nemesis,11,C
harden,26,C++
suicide-style,12,C
stealing,23,JavaScript
hardened,31,C++
mistakenly,14,PHP
nitpicking,18,C
funny,33,Python
chore(minerr,11,JavaScript
cheap,19,Java
abort,106,C++
deprecate,57,Objective-C
gross,23,Ruby
exploit,11,C
evil,43,JavaScript
städat,15,JavaScript
superficial,12,C++
invisible,28,PHP
bs,13,Shell
bogus,11,Objective-C
breaks,23,Java
darkness,13,Java
meaningless,32,Java
bust,14,PHP
banish,22,Ruby
denied,12,Ruby
lame,80,Ruby
conflicting,21,Java
breakdown,17,JavaScript
extraneous,14,Java
fib,15,C
expired,14,JavaScript
sticky,53,Python
superfluous,22,Python
bootstrap-sass,60,Ruby
scrap,45,Ruby
radical,18,Python
ripped,20,PHP
awful,27,JavaScript
fake,37,Objective-C
harden,42,Java
disregard,28,JavaScript
miss,56,Python
fugitive,23,Shell
ophélie,14,PHP
mysterious,25,JavaScript
horde,19,PHP
breaking,26,Objective-C
software/layout/software/sass/screen.scss,384,JavaScript
core/loot,53,C++
boring,20,Java
shameless,20,Python
sass,64,Python
static.js,11,JavaScript
mess,25,Shell
nasty,14,C#
inhibit,16,C
poorly,16,JavaScript
severe,13,JavaScript
redundancy,14,Ruby
shame,14,Ruby
hard-coded,17,C++
steal,21,Shell
hazard/writers,11,Python
guile,18,C++
refuse,40,JavaScript
object/coff,17,C++
limits,36,Java
invalid,47,C#
gutter,21,JavaScript
unfortunately,28,C
erroneous,18,JavaScript
rupture,13,JavaScript
unsuccessful,24,Java
stole,41,JavaScript
breaks,73,Ruby
set-up,17,PHP
issue-#2,12,Java
boring,47,JavaScript
proprietary,14,C++
vain,12,PHP
calcs/hazard/general,14,Python
enable/disable,38,PHP
expire,17,Java
confess,34,JavaScript
wild,39,JavaScript
restriction,25,PHP
spade,13,C
drag,17,Shell
nitpick,19,Shell
wild,13,C
inevitable,11,Python
subversion,12,Java
sick,27,JavaScript
stress,12,C#
hum,20,Ruby
interrupt,62,Java
mistaken,13,JavaScript
falling,22,C
object.defineproperty,13,JavaScript
itch,94,Java
barley-break,24,JavaScript
tokyo-tyrant,42,Ruby
waste,11,Python
skeletons,12,C++
cloudy,32,JavaScript
flickering,17,JavaScript
puppet,28,PHP
crashes,28,Java
calcs/hazard/classical/post_processing,13,Python
exploit,22,C++
undefined,28,Python
complain,12,JavaScript
jam,48,JavaScript
faulty,15,Java
delayed,17,C
dumped,14,C#
stuck,14,Objective-C
débug,60,C++
hang,17,JavaScript
manipulation,18,JavaScript
annoying,37,Python
interrupt,24,C++
mess,11,C#
tank,29,C++
hooligan,18,Ruby
mangled,13,Python
retreat,13,JavaScript
isolation,18,JavaScript
template/arcane.letter,34,JavaScript
lisäsin,41,Ruby
extraneous,16,Ruby
slow,25,Objective-C
stuck,22,PHP
breaks,19,Shell
bumps,28,C
blame,11,Ruby
regression,14,Objective-C
enemy,15,Ruby
delaying,18,Python
messy,41,Python
corrupt,13,Java
negate,13,Java
untested,61,C#
cheating,20,Ruby
mocked,42,Java
killing,44,C
issue-#14,12,Java
redundancy,18,Python
bias,16,C++
trick,30,Python
neglected,16,Ruby
unwanted,18,C++
enemies,18,Objective-C
slave,45,Python
flickering,11,C++
break-out,12,Python
drastic,31,Java
curse,19,JavaScript
bumps,34,Objective-C
beggar,18,Java
crazy,19,Objective-C
drag/drop,20,Objective-C
lose,22,C
untouched,13,JavaScript
skeletons,25,JavaScript
smoke.py,12,C++
hum,40,JavaScript
bust,16,Python
breaks,29,Python
erroneous,19,Java
un-break,23,JavaScript
debug=false,25,JavaScript
fat,20,C++
panic,12,Python
zap,18,C
crushed,20,JavaScript
hardened,29,JavaScript
sink,15,Python
blur,25,PHP
attack,14,Ruby
killed,29,Shell
sin,23,C#
chore(setup,17,JavaScript
burning,17,JavaScript
fix-bug,28,PHP
troubles,11,PHP
st:app,16,C
trouble,13,C#
hacks,17,Shell
unimportant,11,C
non-static,13,PHP
rant,26,Ruby
hack-fix,12,C
obstacle,20,C#
redundancy,28,JavaScript
damn,48,Objective-C
png.bash-commit,29,JavaScript
chatter,11,Ruby
zapped,26,JavaScript
cons,22,Java
failing,21,Shell
inconsistent,27,Java
panic,16,PHP
funky,23,Ruby
limited,44,C#
obstacle,28,Java
art-libre-symbolic-stereotype/art-libre-stereotype.svg,52,Ruby
chatter,20,Java
wedge,15,C
bash/prompt,20,Shell
limitation,18,JavaScript
squash-me,36,Java
frustrating,13,JavaScript
sneaky,11,C
throttle,40,Java
desperate,55,Ruby
naughty,12,JavaScript
increment/decrement,11,Java
blind,16,Python
mocks,40,JavaScript
win/lose,16,Java
slow,35,C#
lack,17,Python
restrict,41,C#
mistaken,24,Ruby
bug/tst,53,Python
pig,75,Ruby
dim,20,Java
untested,98,PHP
growl,24,Objective-C
unwanted,22,C
drunk,32,JavaScript
conspiracy,27,C
limited-mode,18,JavaScript
failing,20,Objective-C
emergency,42,C++
destruction,16,C++
shamelessly,12,Python
chronic,43,PHP
miss,40,Ruby
fuzzy,38,Ruby
frozen,11,C++
glib,25,Python
narrower,45,JavaScript
falling,17,Objective-C
un-ignore,13,JavaScript
sick,20,Python
fist,16,Objective-C
undone,30,PHP
fib,33,Python
fault,11,Ruby
drag/drop,11,JavaScript
static-pages,19,Ruby
slime,15,JavaScript
arbitrary,60,Python
sad,12,Shell
inactive,12,C
beware,18,Ruby
conservative,13,Java
object.exists,36,JavaScript
puppet-lint,19,Ruby
bloody,70,JavaScript
damned,13,C
proprietary-files.txt,12,C++
vagrant/doc/ubuntu_x86_vagrant_readme.txt,13,Python
pan,25,C++
abuse,13,Ruby
hasty,26,Shell
urgent,15,C
drag-and-drop,17,JavaScript
manipulation,11,PHP
regress,21,C++
glitch,20,Ruby
pan,28,Objective-C
defects,31,JavaScript
panic,14,Java
refuse,35,Python
dumps,26,Python
kernel-module-split,12,Shell
idiot,15,Java
decline,13,Ruby
grumble,27,Python
rejected,28,Ruby
omit,24,C#
unable,19,C
issue#1,15,Java
opponent,17,JavaScript
curses,17,Ruby
mess,22,Objective-C
annoying,18,Objective-C
frozen,13,Java
dangerous,16,Ruby
suicide,12,JavaScript
sad,27,C#
dupe,17,Ruby
inconsistent,15,JavaScript
hell,17,C++
worst,18,Python
leaks,16,C
rage,20,JavaScript
object.keys,17,JavaScript
fallen,12,JavaScript
subtract,11,C
blow,50,Ruby
parasite,25,C
dead,26,Objective-C
chore(tests,39,JavaScript
trouble,21,C++
unexpected,12,Python
spurious,17,C
unfinished,20,Shell
crashes,16,C++
crash,25,PHP
strike,18,Python
https://issues.apache.org/jira/browse/amqcpp-507,15,C++
brutal,17,Python
punch,28,Ruby
https://issues.apache.org/jira/browse/amq-4682,11,Java
fault,14,C
fault,15,PHP
curses,43,C
enable/disable,38,C
jam,21,Java
lame,45,Python
mar,24,Java
coerce,18,C
hard-coded,26,Ruby
packerを使ってvagrantのbox,11,Shell
downgrade,15,Objective-C
stale,19,Java
hate,24,Python
hung,11,PHP
dark,43,Ruby
mocking,59,Python
quick'n'dirty,15,Java
disregard,22,C
rip.sh,12,Python
fix(puppet,15,JavaScript
mangled,12,C
chaos,21,JavaScript
idiot,23,Ruby
gossip,17,Java
revoke,37,Python
slowed,13,Ruby
abuse,12,Python
sketchy,12,JavaScript
blind,20,C
drastically,24,C++
error-handling,31,C
shameless,34,JavaScript
bug-fixes,14,JavaScript
subversion,23,JavaScript
loose,24,Java
lib/adlint/cc1/object.rb,11,Ruby
funny,41,Ruby
sin,40,C
bullshit,18,Python
mistakes,15,C++
inconsistent,11,Python
accidental,12,C#
crap,62,C
lazy-load,26,Ruby
lame,20,C++
rail,12,C
lemon,15,C++
st/mesa,20,C
regress,12,C
dying,13,JavaScript
strain,11,PHP
explode,20,Ruby
slave,33,Ruby
scratch,12,Shell
heck,21,JavaScript
fallen,13,Java
poison,23,Java
harden,61,JavaScript
difficulty,13,Python
hard,75,Shell
glitch,13,Shell
devil,11,C++
boring,13,Ruby
killing,28,Shell
trouble,23,Python
https://issues.jboss.org/browse/jbpapp-10450,13,Java
smoke,39,C
damage,20,C
rubbish,13,Ruby
forbid,37,Ruby
jam,16,Ruby
smack,38,C
noise,49,Python
slave,37,C++
mistakes,14,C
bloody,27,Ruby
poor,23,C
calcs/hazard/disagg/core,12,Python
idle,22,PHP
fatal,33,Python
killing,18,C#
trap,13,PHP
loose,33,PHP
nightmare,12,Shell
errors,44,Shell
https://issues.jboss.org/browse/jbide-11191,12,Java
stress,14,Ruby
incomplete,24,Objective-C
complex,28,Ruby
sink-bin,18,C
fatal,19,Java
noisy,22,Java
suck,32,JavaScript
randomly,24,C++
chore(readme.md,12,JavaScript
tentatively,37,Ruby
forbid,39,PHP
hell,18,Python
problematic,17,Java
leer,27,JavaScript
hate,18,C++
drastically,12,C#
steal,31,Python
trouble,12,C
ghetto,12,PHP
penalize,17,C++
dark,22,C++
slug,11,Java
vanity,18,JavaScript
chore(build,22,C++
shallow,28,C++
swipe,47,Ruby
odd,33,C
marginal,11,Java
stress,28,C++
issue-3,15,Java
interrupt,23,JavaScript
stole,13,Ruby
chunky,11,Ruby
rust,18,C
flake,20,Python
cheating,11,JavaScript
nag,15,JavaScript
redis-check-dump,11,C
crude,40,C
faulty,14,Ruby
smallish,14,C++
neglected,16,JavaScript
scratch,50,C++
refuse,26,C++
needy,34,Java
chore,21,C++
issue#98,20,JavaScript
suicide,11,C
enable/disable,15,C#
damned,30,JavaScript
messy,48,Ruby
mn,11,JavaScript
unexpected,11,C++
alarm,20,Ruby
darken,30,PHP
limited,24,Objective-C
toll,16,Java
sadly,12,Ruby
subversion/libsvn_wc/wc_db_update_move.c,20,C
export/hazard,29,Python
rdar://problem/11757916,12,C++
disregard,21,PHP
un-broke,19,Python
invisible,20,Python
unneeded,21,Objective-C
excessive,12,C
object,28,Shell
nitpicking,29,PHP
mistakenly,19,Ruby
prohibit,11,PHP
knife.rb,22,Ruby
negative,11,C#
error.php,12,PHP
struggling,11,C#
improper,12,C
defensive,14,C#
delayed,39,Python
blind,59,JavaScript
issue-1,25,Java
ignorance,25,JavaScript
vagrant,12,C
darken,48,Java
gross,15,C
mobster,14,JavaScript
mystery,25,JavaScript
false,20,C
ci::split,12,C++
unconfirmed,11,Ruby
pointless,18,C
bash-prompt,21,JavaScript
ghetto,15,Python
vim-fugitive,17,Shell
panic,18,Ruby
tentatively,14,C
falling,11,Python
chore(update,19,JavaScript
stab,19,C
issue-6,16,PHP
orphan,11,PHP
bug/medium,37,C
intermittent,15,Java
joke,29,JavaScript
stole,11,Python
denied,13,PHP
pry,21,Shell
darker,21,Python
poor,29,Java
smash,22,JavaScript
blame,15,JavaScript
twist,16,C++
dragging,23,Python
limited,77,C
disaster,12,JavaScript
weaken,23,C++
shame,14,Java
subtract,28,Python
glitches,12,JavaScript
trashed,27,JavaScript
chore(module,27,JavaScript
mistakes,12,Python
complication-theory,13,C
subversion/libsvn_wc/conflicts.c,15,C
dirty,42,C#
madness,11,Ruby
trap,35,Shell
trash,17,Objective-C
chore(modal,12,JavaScript
enh/bug,23,Python
penalty,22,Python
fracture,11,C++
severe,32,Java
chore(client,11,JavaScript
collapse,42,C
screwed,23,C++
sneak,16,JavaScript
struggling,14,C++
unsure,50,JavaScript
failure,11,C#
problems,11,Objective-C
poison,12,C++
punish,13,Java
inefficient,11,Java
chore(cleanup,12,JavaScript
2013-07-21-the-vitamin-myth.markdown,16,JavaScript
forbidden,16,Ruby
o.c.alarm.beast.server,13,Java
damned,30,Ruby
hum,17,C++
case-insensitive,22,PHP
cljwtang-issue,13,JavaScript
warp,15,C
vibration,11,JavaScript
excessive,13,Java
flare,14,Shell
conservative,20,C
https://issues.jboss.org/browse/jbpapp-8769,54,Java
nasty,11,Shell
pretend,13,PHP
defy,12,Shell
paranoid,24,C
sad,22,C++
negation,11,JavaScript
bash-completion2,13,Ruby
warp,48,Java
denied,26,JavaScript
nasty,21,C++
extraneous,18,PHP
undid,23,Objective-C
bumps,20,C++
poor,43,Python
tentatively,28,JavaScript
forbidden,11,PHP
obstacle,23,JavaScript
waste,16,JavaScript
dungeon,12,Python
destruction,14,JavaScript
superficial,33,JavaScript
chore(delegate,40,JavaScript
erroneous,11,PHP
faulty,13,C++
deaf,17,Ruby
hum,11,Python
throttle,26,Ruby
dumped,15,C++
crashes,16,C
case-insensitive,14,Shell
complex,13,Objective-C
calculators/hazard/event_based/core_next,31,Python
unavailable,14,JavaScript
wild,12,Ruby
simplistic,15,Ruby
conflicting,12,JavaScript
superfluous,22,Java
tank,34,C
grim/smush,14,C++
rogue,16,PHP
slowed,22,PHP
cloud,13,Objective-C
curses,19,C++
pretend,14,Java
blow,26,JavaScript
latency,17,C
python.jam,12,Shell
silly,48,Objective-C
hum,17,C
https://issues.jboss.org/browse/jbide-11470,12,Java
alarm/devtools-alarm,12,Shell
allergies,13,JavaScript
randomly,16,C#
dupe,29,JavaScript
sad,45,C
tout,57,JavaScript
marginally,29,JavaScript
mistake,15,C#
backward,45,C
dump.sql,20,PHP
vanity,15,C#
extraneous,17,C++
mistakes,21,PHP
unclean,12,C#
drag&drop,26,JavaScript
git-ignore,23,Ruby
strike,19,PHP
tempest,13,Shell
disallow,38,Objective-C
struggling,53,Ruby
pry,12,JavaScript
backward,33,C++
ding,19,Ruby
exclusion,11,JavaScript
slowly,22,Objective-C
disrupt,33,JavaScript
curse,14,Python
ceph-object-corpus,28,C++
tout,22,Python
fails,19,Python
trashed,20,Ruby
evil,14,C++
filthy,12,JavaScript
falling,29,Ruby
brute-force,12,Python
improper,11,Java
fail-fast,11,Java
bomb,12,PHP
err,31,Shell
collapse,18,C#
refuse,17,C
drunk,11,Ruby
warp,25,Python
annoying,28,C
confused,11,C++
glitch,21,PHP
smoke,22,Shell
object.create,31,JavaScript
needless,13,JavaScript
http://issues.liferay.com/browse/lps-29049,12,Java
perplexity,14,Python
isolate,26,Shell
banish,14,PHP
defensive,22,Ruby
unfortunately,20,PHP
sty,27,C++
rogue,11,Java
inactive,18,Ruby
chore(ci,11,JavaScript
sass,14,Shell
errant,34,Ruby
superfluous,13,PHP
apps-symbolic-stereotype/apps-stereotype.svg,37,Ruby
cheat,15,Ruby
erroneous,15,Ruby
passive,14,PHP
awful,17,Ruby
inactive,20,Python
tense,14,JavaScript
bash/aliases,12,Python
revoke,36,JavaScript
boring,14,Objective-C
failed,39,Shell
unsuccessful,22,JavaScript
payback,11,JavaScript
superfluous,25,Ruby
ding,15,Java
https://issues.apache.org/jira/browse/amq-4034,24,Java
latency,16,C++
chore($compile,16,JavaScript
horrible,15,C
conflicting,11,C
rupture,11,Ruby
https://issues.jboss.org/browse/hornetq-1108,14,Java
tst/bug,31,Python
desperately,17,JavaScript
shoddy,13,JavaScript
strange,19,Shell
virus,24,Python
strictly,11,JavaScript
illusion,11,JavaScript
prohibit,18,Ruby
bug-887426,18,Python
blind,14,Ruby
unsupported,11,Ruby
curses,11,JavaScript
abort,14,Objective-C
kills,13,JavaScript
tanks,16,JavaScript
bored,20,JavaScript
mocks,13,Python
restriction,14,Ruby
glitches,11,C#
enemy.cs,13,C#
dim-1603,12,Java
frozen,12,PHP
straggler,11,C++
fails,13,C#
absence,18,JavaScript
sass-cache,22,JavaScript
unfortunately,22,Ruby
inhibit,15,Objective-C
kills,13,C++
moot,13,JavaScript
dumps,11,JavaScript
rage,11,C++
straggler,21,JavaScript
rdar://problem/12202862,12,C++
bootstrap-sass,14,JavaScript
project/assets/scenes/messy/first.unity,12,C#
pretend,19,Ruby
drag&drop,15,C
torture,11,C
superficial,12,Ruby
breakup,13,JavaScript
refuse,15,PHP
issue-#11,11,Java
proprietary,16,C
restricted,25,C#
cloud,26,C
insane,23,Python
constant-trickery,11,PHP
hard-code,12,C
subversion/libsvn_wc/update_editor.c,11,C
bash,15,C#
bash/commands,15,Shell
ripped,56,Python
pig-3107,11,Java
irrelevant,16,JavaScript
manipulate,11,Python
growl,13,C
https://issues.jboss.org/browse/jbide-11537,18,Java
publichtml/_css/.sass-cache/c69e0a259c23555b3dbf6d4b4afd4935c94451e7/styles.scssc,20,JavaScript
impatient-mode,14,JavaScript
isolate,15,C#
meaningless,11,PHP
dense,12,Python
angry,21,Java
greedy,12,C
forbidden,13,Java
python.jam,18,C
wiki中文文件名无法进行版本对比的bug,12,Ruby
clique,16,JavaScript
sticky,22,C++
severity,15,Java
hell,13,Shell
cln/bug,16,Python
badly,16,JavaScript
get-shit-done,15,Shell
extraneous,13,C
subversion,26,C#
dick,13,Ruby
limitation,19,PHP
horrible,16,C++
fabrication,14,Ruby
webui]ignore,12,Ruby
slime,11,Shell
https://issues.jboss.org/browse/jbide-11179,18,Java
delaying,14,C++
opinionated,44,Ruby
re-revert,15,C++
crashing,12,Python
cheat-cheats,20,Shell
raked,18,JavaScript
unimportant,15,Python
stolen,12,Python
cheat,12,Shell
undone,17,C
lame,11,Shell
issue:1881,12,C++
irrelevant,13,C
mystery,16,Java
hard-coded,25,PHP
object/mansi,12,Java
inhibit,19,JavaScript
conflicting,11,Shell
mn,15,Java
bomb,11,Objective-C
tricky,15,Python
annoying,19,Shell
zap,21,Java
explode,19,C++
runaway,11,JavaScript
bloody,14,C++
impossible,14,JavaScript
errant,14,Python
inconsistent,16,Ruby
tcp/sack,17,C
illegal,42,JavaScript
object.c,11,C
moron,12,JavaScript
ambiguous,11,Python
https://issues.jboss.org/browse/hornetq-1042,26,Java
fcatch-undefined-behavior,33,C++
https://issues.liferay.com/browse/lrdocs-215,11,Java
dupe,23,Python
issue-2,13,Java
mar,32,Shell
bug(ie7,15,JavaScript
tired,17,Shell
sloppily,11,JavaScript
crisis,11,Java
exclusion,25,C
https://issues.jboss.org/browse/jbide-10945,12,Java
undocumented,15,JavaScript
https://issues.jboss.org/browse/hornetq-763,20,Java
freaking,13,Shell
crime,15,JavaScript
confusion,13,Ruby
risk,12,C#
difficulty,12,C#
siege,26,Ruby
shit's,12,Java
zap,11,PHP
torrent.cc,31,C++
volatile,17,JavaScript
subtract,31,Ruby
torrent,12,C++
refuse,11,Java
picky,13,C
v.bump,14,Python
shameful,15,Python
bogus,27,Java
stab,17,Java
arbitrary,28,Java
thug,11,Python
subtract,33,JavaScript
lack,13,C++
o.c.alarm.beast,13,Java
reject,14,C#
chore($parse,11,JavaScript
insecure,12,Shell
hard-coding,14,Ruby
obscure,11,Ruby
perl/perl-data-dump,16,Shell
llvm-stress,12,C++
freeze,16,Shell
case-insensitive,22,Java
glib-networking,21,Ruby
boring,11,C
rotten,12,Ruby
https://issues.jboss.org/browse/hornetq-1142,16,Java
ax,13,PHP
penalty,13,C++
cheat,13,C#
unable,14,Shell
mist,11,JavaScript
impossible,13,PHP
utest-split,18,C
pain,24,Java
skeletons,17,Ruby
rdar://problem/11486302,18,C++
expire,22,C
inconsequential,23,Java
unexpected,12,PHP
difficulty,20,Ruby
clique,11,C++
tentative,17,Objective-C
undone,17,C++
arbitrary,13,PHP
meaningless,11,Shell
ag|st,12,JavaScript
illusion,14,C
erosion,12,Python
dungeon,14,C
fudge,11,Python
ext/curses/curses.c,12,Ruby
terrible,20,C++
chore($nganimate,11,JavaScript
freaking,22,Python
crashing,16,Objective-C
warc-repeated-use-of-weak,11,C++
steal,13,Java
absence,15,Java
gross,17,Python
mar,11,C
ctk-curses,28,C
eiskaltdcpp-unstable,13,Shell
unfortunately,12,C++
chore(angular-ui-docs,43,JavaScript
skinny,13,Ruby
dangerous,12,C++
untested,20,Objective-C
hard,30,Objective-C
quick&dirty,11,Python
elimination,21,Java
killer,11,Java
städade,12,Java
mock-up,12,JavaScript
crashes,11,Objective-C
brutal,19,Java
breakdown,16,Ruby
bug(compile,12,JavaScript
activesupport::concern,12,Ruby
irrelevant,22,C++
blurred,33,JavaScript
deny,24,Python
degrade,12,Ruby
screwed,11,C
bug-fixes,13,PHP
glitch,13,Python
odor,11,Python
spurious,26,JavaScript
binding.pry,12,Ruby
simplistic,13,Python
puppet-git-receiver,12,Shell
clueless,11,Ruby
pretend,12,C++
issue:#1714,18,C++
https://issues.jboss.org/browse/plfed-316,12,Java
mangle,29,C++
bash-compatible,64,Shell
decay,11,Java
decline,17,JavaScript
damage,11,PHP
breakup,12,Ruby
unsupported,16,Python
leaky,15,JavaScript
rival,12,JavaScript
dumb,13,Objective-C
idiotic,14,JavaScript
chore(parseint,21,JavaScript
attacks,18,Java
zapped,11,Java
task/pimple,12,PHP
rot,13,C
lxc-destroy,11,C
fat,20,PHP
greed,14,Ruby
beware,13,Java
ridiculous,15,JavaScript
vex,12,C
mkifs-ll.bash,12,Shell
harden,18,Ruby
biting,13,JavaScript
fooled,18,JavaScript
expunge,11,Ruby
grumble,15,C#
delays,14,Python
chore(grunt-horde,17,JavaScript
awkward,13,Python
feign,12,Java
debt,11,JavaScript
buggy,23,Objective-C
bug.h,12,C
frontend/bug,12,JavaScript
bogus,17,PHP
limited,13,Shell
drag&drop,21,Java
warp,18,JavaScript
joker,15,Python
improper,12,Ruby
tricky,11,C++
git-completion.bash,17,C
drag'n'drop,14,PHP
gawk,16,Ruby
app-shells/bash,11,Shell
naively,11,Ruby
jabber,16,Ruby
gst-plugins-bad,24,Ruby
plot,11,C#
erase,12,Objective-C
weaker,15,JavaScript
wrongly,11,Python
https://issues.jboss.org/browse/hornetq-988,14,Java
pos-cloud,14,Objective-C
pig,12,PHP
chore,13,Shell
wicked,14,Ruby
bitch,12,JavaScript
fib,16,Java
defunct,14,Ruby
maven-failing-resolution,13,Shell
inconsistency,24,C
test/break,13,JavaScript
st:dvb,11,C
object-info,14,C
rdar://problem/11487457,18,C++
issue-953,11,Java
spurious,15,Ruby
issue#39,21,PHP
poor,19,C++
rdar://problem/11324515,12,C++
loot,13,Java
troubles,14,JavaScript
sueños,30,PHP
wild,19,C++
deploy.bash,14,JavaScript
sadly,11,C
chill,11,Java
jabber,12,JavaScript
wince,16,C++
chore(driver-compat,12,Java
chore(.gitignore,14,JavaScript
attack,11,Objective-C
suck,11,C
hate,15,PHP
regress,20,Python
illusion,33,Shell
coerce,13,C++
un-revert,12,C++
pyramid/auth_test/auth_test/static/js/bootstrap-collapse.js,15,JavaScript
crush,15,C
rdar://problem/11791234,19,C++
radical,14,C++
bugging,15,Ruby
jam,11,C
drag&drop,15,C#
revoke,11,C
embarrassing,13,Python
subversion,15,C++
chaos,17,PHP
fstab.spade,26,C++
chore(gitignore,18,JavaScript
https://issues.jboss.org/browse/jbide-11244,24,Java
growl,12,Java
negate,12,C
killer,22,JavaScript
crude,21,Shell
angry,14,C#
clash,16,Python
rust,11,C++
disgusting,11,Ruby
gawk,11,C
disown,19,Shell
test/driver/crash-report.c,14,C++
https://issues.jboss.org/browse/hornetq-1163,14,Java
anti-injection,16,JavaScript
libaccounts-glib,12,Shell
sass-cache,13,Ruby
gitwrap/errors,14,C++
dragged,12,JavaScript
arbitrary,17,C
dirt,16,Java
thirst,13,Java
thicker,14,Ruby
chore(gruntfile.js,11,JavaScript
https://issues.jboss.org/browse/hornetq-1026,12,Java
abuse-github,19,Ruby
alarm,12,C#
subversion/libsvn_wc/diff_editor.c,11,C
worst-fit,12,C
nonsense,16,Java
chore(ngcookies,12,JavaScript
fear,11,JavaScript
deadlock,11,C#
gossip,15,C++
bootstrap-librarian-puppet,11,Shell
unresolved,14,C++
publichtml/_css/.sass-cache/c69e0a259c23555b3dbf6d4b4afd4935c94451e7/admin.scssc,12,JavaScript
radically,11,Java
problems#show,13,Ruby
crazy-ass,12,PHP
https://issues.jboss.org/browse/hornetq-1130,12,Java
dim-1330,22,Java
