"loc","langcnt","repository_language"
"Mie,Japan","289351","Perl"
"San Francisco, CA","148234","JavaScript"
"Yokohama, Japan","133951","C++"
"San Francisco, CA","117541","Ruby"
"London, UK","102488","JavaScript"
"London","101522","JavaScript"
"San Francisco","100207","JavaScript"
"Germany","80306","Java"
"Germany","74606","JavaScript"
"San Francisco","66703","Ruby"
"London","62870","Ruby"
"Germany","61137","PHP"
"San Francisco, CA","56023","Python"
"China","51670","JavaScript"
"Paris","49371","JavaScript"
"New York, NY","49262","JavaScript"
"San Francisco Bay Area","49003","Shell"
"Seattle, WA","46676","JavaScript"
"Germany","46495","Python"
"France","45796","JavaScript"
"Boston, MA","45609","JavaScript"
"Toronto, Ontario","45037","C++"
"Seattle, WA","44834","Ruby"
"France","43927","PHP"
"Paris, France","43210","PHP"
"Austin, TX","42571","JavaScript"
"London","42324","PHP"
"UK","41296","JavaScript"
"Chicago, IL","41199","Ruby"
"Germany","40670","C"
"Japan","40448","JavaScript"
"Portland, OR","40345","Ruby"
"Berlin","39679","JavaScript"
"Chicago, IL","39500","JavaScript"
"France","38951","Java"
"London","38482","Java"
"New York","38354","JavaScript"
"New York, NY","37655","Ruby"
"San Francisco","37238","Python"
"Germany","36839","C++"
"Paris","36754","PHP"
"Tokyo, Japan","35933","Ruby"
"New York, NY","35893","Python"
"Austin, TX","35583","Ruby"
"Tokyo, Japan","35172","JavaScript"
"Japan","34888","Ruby"
"Cambridge, MA","34784","JavaScript"
"Los Angeles, CA","34609","Java"
"Paris, France","34592","JavaScript"
"London, UK","34139","Ruby"
"Boston, MA","33466","Ruby"
"Washington, DC","33144","JavaScript"
"London","32887","Python"
"Portland, OR","32641","JavaScript"
"Cheboksary, Russia","32170","Objective-C"
"Melbourne, Australia","31855","Ruby"
"Toronto","31265","JavaScript"
"Berlin, Germany","31207","JavaScript"
"France","30561","Python"
"New York","29962","Ruby"
"San Francisco, CA","29589","Java"
"NYC","28953","JavaScript"
"Paris, France","28860","Java"
"Toronto, Ontario","27296","Shell"
"Boston, MA","27173","Python"
"San Francisco","27017","Java"
"Germany","26495","Ruby"
"Brooklyn, NY","26353","JavaScript"
"Russia","26285","JavaScript"
"France","26271","C++"
"Beijing","26269","JavaScript"
"Melbourne, Australia","26254","JavaScript"
"Paris","25987","Java"
"Canada","25604","JavaScript"
"Mountain View, CA","25511","JavaScript"
"Washington, DC","25454","Ruby"
"Los Angeles, CA","25349","JavaScript"
"Moscow","25260","JavaScript"
"Berlin","25107","Ruby"
"Tokyo","25001","JavaScript"
"Sydney, Australia","24890","JavaScript"
"Berlin, Germany","24340","Ruby"
"Chicago, IL","23791","Python"
"UK","23704","PHP"
"UK","23649","Python"
"Tokyo, Japan","23555","C"
"Beijing, China","23253","JavaScript"
"Los Angeles, CA","23177","Ruby"
"UK","22648","Ruby"
"Sweden","22566","Java"
"Paris, France","22478","Python"
"Taiwan","22204","JavaScript"
"Shanghai","22111","JavaScript"
"Austin, TX","21988","Python"
"Seattle, WA","21968","Python"
"London, UK","21876","Python"
"Hong Kong","21511","JavaScript"
"Tokyo","21091","Ruby"
"London, UK","20959","Java"
"Philadelphia, PA","20736","JavaScript"
"Denver, CO","20590","Ruby"
"Switzerland","20590","JavaScript"
"Berkeley, CA","20527","Python"
"Sweden","20484","JavaScript"
"San Francisco, CA","20464","Objective-C"
"Cambridge, MA","20430","Python"
"Santa Clara, CA","20334","JavaScript"
"London, UK","19931","PHP"
"Brazil","19760","JavaScript"
"USA","19604","JavaScript"
"Russia","19518","PHP"
"Madrid","19483","JavaScript"
"Colombo, Sri Lanka","19480","Java"
"Moscow, Russia","19416","JavaScript"
"United Kingdom","19299","Java"
"Germany","19276","Shell"
"Oslo, Norway","19269","JavaScript"
"France","19167","Ruby"
"Atlanta, GA","19129","Ruby"
"UK","18817","Java"
"Shanghai, China","18803","JavaScript"
"Stockholm, Sweden","18724","JavaScript"
"France","18698","C"
"Chicago","18627","Ruby"
"Buenos Aires, Argentina","18493","JavaScript"
"New York City","18391","JavaScript"
"San Francisco, CA","18386","C"
"China","18378","Java"
"Berlin, Germany","18347","Python"
"India","18340","JavaScript"
"Berlin","18339","Java"
"Sydney, Australia","18185","Ruby"
"Toronto, Canada","18079","JavaScript"
"Paris","18072","Python"
"Netherlands","18008","JavaScript"
"Denver, CO","17932","JavaScript"
"Bangalore","17706","JavaScript"
"California","17682","JavaScript"
"The Netherlands","17582","JavaScript"
"Raleigh, NC","17581","Ruby"
"USA","17512","Java"
"Mountain View, CA","17501","Python"
"Ukraine","17415","JavaScript"
"Chicago","17388","JavaScript"
"Paris, France","17178","Ruby"
"Brisbane, Australia","17070","JavaScript"
"Hangzhou, China","17062","JavaScript"
"Seattle","17037","JavaScript"
"Switzerland","17033","Java"
"Australia","17009","PHP"
"Berkeley, CA","16907","JavaScript"
"Basel, Switzerland","16874","Emacs Lisp"
"Oakland, CA","16805","JavaScript"
"Amsterdam","16680","JavaScript"
"Belgium","16676","JavaScript"
"Singapore","16612","JavaScript"
"Netherlands","16612","Java"
"Paris","16453","Ruby"
"jeju","16434","JavaScript"
"Berlin","16397","PHP"
"Belgium","16380","PHP"
"Brooklyn, NY","16244","Ruby"
"Taipei, Taiwan","16228","JavaScript"
"New York","15929","Python"
"Washington, DC","15792","Python"
"Portland, OR","15786","PHP"
"Toronto, ON","15745","JavaScript"
"China","15639","C"
"Germany","15558","C#"
"Berlin, Germany","15537","PHP"
"Berlin, Germany","15412","Java"
"San Francisco, CA","15403","PHP"
"Japan","15325","VimL"
"New York","15323","Java"
"Atlanta, GA","15290","JavaScript"
"Amsterdam","15159","Java"
"Italy","15113","PHP"
"Finland","15098","JavaScript"
"Beijing, China","15043","Python"
"Portland, OR","15037","Python"
"Los Angeles, CA","14979","Python"
"Philadelphia, PA","14854","Python"
"Denmark","14506","JavaScript"
"Spain","14502","JavaScript"
"China","14493","Ruby"
"Israel","14463","JavaScript"
"Hamburg, Germany","14393","Ruby"
"UK","14371","C"
"china","14358","JavaScript"
"Los Angeles","14278","JavaScript"
"Switzerland","14218","PHP"
"Cambridge, MA","14084","Ruby"
"Brazil","14083","Java"
"San Francisco, CA","14045","Shell"
"Japan","14022","C++"
"Austin, TX","13828","Java"
"Italy","13808","JavaScript"
"Pittsburgh, PA","13778","JavaScript"
"NYC","13774","Python"
"Brazil","13760","Ruby"
"United Kingdom","13739","JavaScript"
"San Francisco","13705","PHP"
"Belgium","13653","Ruby"
"Pittsburgh, PA","13634","Ruby"
"Boston","13627","JavaScript"
"Berlin","13613","Python"
"Copenhagen, Denmark","13592","JavaScript"
"Tampa, FL","13553","PHP"
"Netherlands","13502","PHP"
"Bangalore","13485","Java"
"Canada","13429","Java"
"Lausanne, Switzerland","13413","Scala"
"Russia","13403","C++"
"Cambridge, UK","13325","JavaScript"
"Brazil","13319","Python"
"Japan","13244","Java"
"The Netherlands","13243","Java"
"Moscow","13152","Ruby"
"Oslo, Norway","13134","Ruby"
"Madrid, Spain","13132","JavaScript"
"Shanghai","13121","Ruby"
"Vancouver, BC","13109","JavaScript"
"Seattle, WA","13104","Java"
"Germany","13061","Perl"
"Italy","13059","Python"
"United States","12972","JavaScript"
"New York City","12815","Ruby"
"Melbourne, Australia","12811","Python"
"Toronto","12793","Ruby"
"New York","12723","PHP"
"United Kingdom","12627","PHP"
"Seattle, WA","12618","C"
"Japan","12572","C"
"San Diego, CA","12546","Ruby"
"Amsterdam","12496","Python"
"Ukraine","12437","PHP"
"Norway","12406","JavaScript"
"The Netherlands","12383","PHP"
"Brisbane, Australia","12373","Ruby"
"Japan","12366","Python"
"San Francisco","12325","Objective-C"
"Boulder, CO","12271","JavaScript"
"Poland","12262","JavaScript"
"Hong Kong","12260","Java"
"San Francisco","12146","Shell"
"China","12092","Python"
"Dallas, TX","12063","JavaScript"
"UK","12026","C++"
"California","11986","Python"
"Raleigh, NC","11967","JavaScript"
"Boston, MA","11955","PHP"
"Mountain View, CA","11933","C"
"South Africa","11929","Delphi"
"Atlanta, GA","11904","C"
"Barcelona","11900","JavaScript"
"Singapore","11870","Ruby"
"Australia","11845","JavaScript"
"Toronto, Ontario","11832","JavaScript"
"Netherlands","11812","Python"
"Boulder, CO","11810","Ruby"
"Stockholm, Sweden","11804","Python"
"Berlin","11759","C"
"Denmark","11729","PHP"
"Montreal","11704","JavaScript"
"Seattle, WA","11698","C++"
"hangzhou","11678","Shell"
"San Jose, CA","11654","JavaScript"
"Ukraine","11620","Ruby"
"Moscow","11612","PHP"
"beijing","11592","JavaScript"
"Helsinki, Finland","11529","JavaScript"
"Beijing","11510","Ruby"
"San Antonio, TX","11474","Python"
"France","11474","Shell"
"Russia","11471","Ruby"
"Seattle, WA","11424","PHP"
"Beijing, China","11417","C"
"Palo Alto, CA","11387","JavaScript"
"Paris","11346","C"
"Cluj-Napoca, Romania","11312","Java"
"Moscow","11235","Python"
"Singapore","11220","PHP"
"New York","11211","C++"
"Canada","11185","PHP"
"NYC","11171","Ruby"
"London, UK","11134","C"
"Seattle","11115","Java"
"Los Angeles, CA","11093","C++"
"Brooklyn, NY","11091","Python"
"New Zealand","11069","JavaScript"
"Beijing","11063","Python"
"Hamburg, Germany","11056","Java"
"Sweden","11032","C++"
"Raleigh, NC","11022","Python"
"London","10975","C++"
"Paris, France","10968","C"
"San Diego, CA","10939","JavaScript"
"San Francisco, CA","10936","C++"
"Washington DC","10930","JavaScript"
"Seattle","10902","Ruby"
"Buenos Aires, Argentina","10902","Ruby"
"Minneapolis, MN","10900","JavaScript"
"Shanghai, China","10900","Ruby"
"Barcelona, Spain","10887","JavaScript"
"Cambridge, UK","10885","Python"
"Stockholm, Sweden","10860","Java"
"United States","10785","Java"
"Sweden","10781","Ruby"
"Belgium","10776","Java"
"Brisbane, Australia","10694","Java"
"Italy","10680","C++"
"Santa Clara, CA","10664","Java"
"Berkeley, CA","10649","Ruby"
"Poland","10611","Java"
"Rochester, NY","10606","Python"
"Poland","10586","PHP"
"Philadelphia, PA","10540","Ruby"
"Pittsburgh, PA","10532","Python"
"Spain","10499","C"
"Palo Alto, CA","10438","Ruby"
"China","10430","C++"
"Munich","10401","PHP"
"Poland","10355","Python"
"Bangalore, India","10355","Java"
"Portland, Oregon","10341","JavaScript"
"Netherlands","10334","C"
"Italy","10275","C"
"Albuquerque, NM, USA","10275","Shell"
"Boston, MA","10238","Java"
"England","10235","JavaScript"
"Belgium","10186","Python"
"Tokyo, Japan","10155","Perl"
"Madrid","10154","Ruby"
"Stockholm","10140","JavaScript"
"Carrboro, NC","10110","C++"
"London","10097","C"
"New York, NY","10073","PHP"
"Denmark","10066","Java"
"Switzerland","10062","Python"
"San Francisco, CA","10037","CoffeeScript"
"The Netherlands","10035","Python"
"Rio de Janeiro","10012","JavaScript"
"Sweden","10010","PHP"
"Raleigh, NC. USA","9972","Python"
"Beijing","9950","C"
"Brazil","9932","PHP"
"Australia","9923","Java"
"Beijing","9885","Java"
"Cape Town, South Africa","9851","Python"
"Italy","9850","Java"
"New Zealand","9843","Java"
"Tokyo, Japan","9745","Java"
"Switzerland","9743","C"
"Stockholm","9725","Python"
"Toronto","9716","Python"
"Oslo","9694","JavaScript"
"Oslo, Norway","9686","Java"
"Canada","9656","Python"
"Australia","9649","Python"
"San Francisco","9643","C++"
"London","9642","C#"
"Stockholm, Sweden","9642","C"
"Moscow, Russia","9634","Python"
"Japan","9621","PHP"
"London, England","9604","JavaScript"
"Bangalore","9602","Ruby"
"Portland, Oregon","9582","Ruby"
"Ann Arbor, MI","9547","JavaScript"
"New York, NY","9522","Java"
"Munich, Germany","9498","JavaScript"
"Bangalore, India","9491","JavaScript"
"San Francisco, CA","9476","VimL"
"San Francisco, CA","9469","Go"
"Tokyo, Japan","9452","Python"
"Norway","9452","Java"
"Madison, WI","9388","JavaScript"
"Barcelona","9369","Java"
"Stockholm, Sweden","9338","Ruby"
"Spain","9311","Java"
"Berlin, Germany","9299","C"
"Hamburg","9295","JavaScript"
"Sweden","9294","Python"
"Russia, Moscow","9285","JavaScript"
"Seattle, Washington. USA.","9279","C"
"Jakarta, Indonesia","9206","Perl"
"Sydney","9186","JavaScript"
"Italy","9177","Ruby"
"Netherlands","9157","Ruby"
"London, United Kingdom","9141","JavaScript"
"Moscow, Russia","9137","Ruby"
"New York, New York","9117","JavaScript"
"Victoria, BC, Canada","9089","JavaScript"
"Sweden","9087","C"
"San Francisco, CA","9085","Scala"
"Sunnyvale, CA","9065","JavaScript"
"Canada","9062","Ruby"
"Finland","9042","C"
"Russia","9039","Python"
"Japan","9036","Shell"
"San Francisco, California","9033","JavaScript"
"India","9031","Python"
"Sydney, Australia","9025","PHP"
"Santa Barbara, CA","8987","Ruby"
"Beijing, China","8973","C++"
"London","8950","Scala"
"Tokyo","8944","Java"
"Hamburg, Germany","8942","JavaScript"
"UK","8930","C#"
"Cambridge, MA","8914","C++"
"India","8870","Java"
"London","8868","Shell"
"Atlanta, GA","8853","Python"
"Vancouver, Canada","8852","JavaScript"
"Arkansas","8845","PHP"
"Hong Kong","8800","PHP"
"Ireland","8785","JavaScript"
"Copenhagen, Denmark","8779","PHP"
"Salt Lake City, Utah","8771","Python"
"United Kingdom","8765","C++"
"Tokyo, Japan","8704","C++"
"Perth","8697","PHP"
"Sydney, Australia","8689","Python"
"Vancouver, BC","8680","Python"
"Vancouver","8672","JavaScript"
"Los Angeles","8657","Ruby"
"England","8621","Java"
"Montreal, Canada","8600","JavaScript"
"San Francisco, CA","8581","CSS"
"Taiwan","8573","Ruby"
"Oxford, UK","8571","Python"
"New York City","8547","C++"
"Chicago, IL","8546","Java"
"Montreal, Canada","8509","PHP"
"Belgium","8489","Shell"
"Finland","8484","PHP"
"Kuala Lumpur, Malaysia","8474","PHP"
"Vienna","8472","JavaScript"
"Chicago, IL","8467","PHP"
"Dallas, TX","8446","Ruby"
"Linz, Austria","8438","Java"
"Philadelphia","8387","JavaScript"
"Denmark","8272","Ruby"
"Portugal","8254","JavaScript"
"Karlsruhe, Germany","8248","PHP"
"San Diego","8195","JavaScript"
"Lyon, France","8193","JavaScript"
"Cologne, Germany","8190","JavaScript"
"China","8182","PHP"
"Tokyo, Japan","8175","PHP"
"Moscow","8160","C"
"Atlanta, GA","8142","Java"
"Madison, WI","8136","Ruby"
"Dublin, Ireland","8116","JavaScript"
"London, UK","8104","Shell"
"Israel","8089","Ruby"
"Portland, OR","8081","Java"
"Argentina","8047","JavaScript"
"Seattle","8036","Python"
"Beijing, China","8030","Java"
"Poland","8026","Ruby"
"Bucharest, Romania","8013","JavaScript"
"Zurich, Switzerland","8013","Python"
"Issaquah, WA","7978","Ruby"
"Melbourne","7976","JavaScript"
"Czech Republic","7974","PHP"
"Toronto, Ontario, Canada","7972","JavaScript"
"Austin, TX","7969","PHP"
"Guangzhou, China","7924","JavaScript"
"Mountain View, CA","7903","Ruby"
"Baltimore, MD","7887","JavaScript"
"California","7872","Ruby"
"Lyon, France","7857","PHP"
"Toronto, Canada","7848","Ruby"
"Barcelona","7831","Python"
"Russia","7804","Java"
"Switzerland","7786","Ruby"
"Washington, DC","7777","PHP"
"Denmark","7775","Python"
"Palo Alto, CA","7763","Java"
"Spain","7723","Python"
"Helsinki, Finland","7710","Java"
"Sweden","7679","Shell"
"Vienna, Austria","7669","JavaScript"
"Minsk, Belarus","7659","Ruby"
"San Francisco Bay Area","7657","JavaScript"
"Prague","7653","PHP"
"Cambridge, UK","7629","Java"
"Paris, France","7628","Shell"
"Madrid","7627","Java"
"Mountain View, CA","7626","Java"
"Finland","7613","C++"
"Denmark","7596","C++"
"Moscow, Russia","7596","C++"
"Melbourne","7572","Ruby"
"USA","7559","PHP"
"Brooklyn, NY","7556","PHP"
"Zurich, Switzerland","7544","Java"
"Helsinki","7539","Python"
"New York","7530","C"
"Norway","7521","Python"
"San Francisco","7511","C"
"Fargo, ND","7496","Ruby"
"Amsterdam, The Netherlands","7484","JavaScript"
"Zurich, Switzerland","7480","JavaScript"
"UK","7441","Shell"
"Cambridge, UK","7437","OCaml"
"Kiev, Ukraine","7436","JavaScript"
"Madrid, Spain","7415","Ruby"
"Australia","7414","Ruby"
"Nashville, TN","7410","JavaScript"
"Washington, D.C.","7410","JavaScript"
"New York, NY","7399","Perl"
"Mountain View","7398","Rust"
"United Kingdom","7395","Python"
"New York City","7394","Python"
"Moscow","7367","Java"
"Taipei","7367","JavaScript"
"Charlotte, NC","7349","Ruby"
"Moscow","7346","C++"
"Paris","7341","C++"
"Bangalore","7333","Python"
"Stockholm, Sweden","7329","C++"
"Earth","7320","C"
"Montreal, Canada","7318","Java"
"Los Angeles","7301","Python"
"Berkeley, CA","7247","Java"
"USA","7237","Python"
"Melbourne, Australia","7236","C"
"São Paulo, Brazil","7234","JavaScript"
"Melbourne, Australia","7220","Java"
"Tokyo, Japan","7217","VimL"
"Sweden","7198","C#"
"Toronto","7175","PHP"
"Boston","7167","Python"
"India","7166","PHP"
"Munich, Germany","7157","Java"
"Finland","7141","Python"
"Seattle, WA","7123","Objective-C"
"Moscow, Russia","7115","PHP"
"Austin, TX","7113","C++"
"Sydney","7112","Ruby"
"New Jersey","7103","JavaScript"
"Sydney","7102","C++"
"Czech Republic","7086","JavaScript"
"India","7057","Ruby"
"Zürich, Switzerland","7054","Emacs Lisp"
"Rochester, NY","7037","JavaScript"
"Ottawa, CA","7017","JavaScript"
"Ukraine","7011","Java"
"Minneapolis, Minnesota, USA","7002","PHP"
"Chicago","6998","Python"
"Croatia","6957","Java"
"Seattle, WA","6952","C#"
"Los Angeles, CA","6942","PHP"
"Göteborg, Sweden","6932","Java"
"Rome, Italy","6926","JavaScript"
"Tokyo, Japan","6907","Erlang"
"Munich","6888","JavaScript"
"Singapore","6876","Java"
"Lyon, France","6853","Java"
"San Francisco","6847","CoffeeScript"
"Sioux Falls, SD, USA","6839","PHP"
"Germany","6835","Objective-C"
"Los Angeles","6811","Java"
"Manchester, UK","6810","JavaScript"
"United Kingdom","6807","Ruby"
"Seoul, Korea","6763","JavaScript"
"Oakland, CA","6754","Ruby"
"Munich","6741","Java"
"in the cloud, bro","6715","JavaScript"
"Australia","6701","C++"
"Baltimore, MD","6699","Ruby"
"London, UK","6682","C++"
"Prague, Czech Republic","6678","JavaScript"
"Toronto, Canada","6668","PHP"
"In the clouds","6665","Erlang"
"Brighton, UK","6661","JavaScript"
"Amsterdam, The Netherlands","6657","PHP"
"Palo Alto, CA","6656","Python"
"Seattle, WA, USA","6651","Java"
"Beijing","6649","C++"
"San Diego, CA","6633","Python"
"Cambridge, UK","6631","Ruby"
"Spain","6614","PHP"
"Shanghai, China","6600","C++"
"Brno, Czech Republic","6589","Java"
"Trondheim","6587","JavaScript"
"Toronto, ON","6566","Python"
"New York, NY","6559","C"
"Houston, TX","6547","JavaScript"
"Zurich, Switzerland","6539","PHP"
"São Paulo, Brazil","6533","Ruby"
"Shanghai","6527","Java"
"Oslo, Norway","6513","Python"
"hangzhou","6509","JavaScript"
"Austin, Texas","6508","JavaScript"
"Rochester, NY","6504","Java"
"Boston, MA","6503","C"
"Tokyo, Japan","6499","Shell"
"Cincinnati, OH","6498","JavaScript"
"Helsinki","6493","JavaScript"
"San Francisco","6476","CSS"
"Barcelona","6463","PHP"
"Singapore","6440","Python"
"Berlin","6437","Shell"
"Vancouver, BC","6436","Ruby"
"Ottawa","6421","PHP"
"Tokyo","6418","Python"
"Brasil","6415","Java"
"Beijing China","6400","JavaScript"
"USA","6399","C"
"Earth","6362","JavaScript"
"Austria","6362","JavaScript"
"Berlin, Germany","6338","Erlang"
"Durham, NC","6333","Ruby"
"Shanghai","6331","Python"
"-49.585787,69.505005","6319","Rust"
"Cambridge, UK","6317","Perl"
"San Antonio, TX","6309","Ruby"
"New York, NY","6309","C++"
"Austria","6308","Java"
"Shanghai, China","6306","Java"
"São Paulo","6300","JavaScript"
"Boston","6280","Ruby"
"Prague","6252","Python"
"Stanford, CA","6224","JavaScript"
"Columbus, OH","6223","JavaScript"
"Ann Arbor, MI","6217","Python"
"Europe->Poland->Gorzow","6189","Shell"
"shanghai","6177","JavaScript"
"/dev/null","6159","Shell"
"Melbourne, Australia","6151","PHP"
"Zurich","6149","JavaScript"
"Sofia, Bulgaria","6144","JavaScript"
"Australia","6131","C"
"Madrid, Spain","6122","C++"
"Bangalore, India","6121","Python"
"Austin, TX","6120","C#"
"Warsaw, Poland","6117","JavaScript"
"Brasil","6113","JavaScript"
"Wellington, New Zealand","6097","Ruby"
"Seattle, WA","6050","Shell"
"New York, NY","6037","Shell"
"United States","6032","Python"
"India","6022","C"
"Barcelona","6020","Ruby"
"California, USA","6017","JavaScript"
"Brazil","6017","C"
"Columbia, SC","6014","JavaScript"
"Perth, Australia","6010","PHP"
"Denmark","5996","C#"
"Nashville, TN","5992","PHP"
"Bulgaria","5986","PHP"
"Mumbai, India","5981","Python"
"Provo, UT","5959","JavaScript"
"NC, USA","5955","Python"
"San Francisco, California","5939","Ruby"
"Portland, OR","5927","C"
"Israel","5922","Python"
"Cleveland, Ohio","5919","Python"
"New Zealand","5911","PHP"
"Prague, Czech Republic","5899","Ruby"
"Hong Kong","5891","Ruby"
"Somewhere in the vast reaches of the interwebs","5870","C++"
"Poland","5866","C"
"Beijing, China","5857","Ruby"
"Copenhagen","5848","JavaScript"
"Austria","5836","PHP"
"Paris, France","5835","C++"
"Chennai","5799","JavaScript"
"Charlotte, NC","5789","JavaScript"
"The Netherlands","5781","Ruby"
"Minsk","5769","Ruby"
"Berlin","5768","C++"
"Columbus, OH","5767","Ruby"
"Vienna","5761","Java"
"Munich, Germany","5756","Python"
"Bangalore, India","5754","Ruby"
"Tokyo","5744","PHP"
"Wellington, New Zealand","5740","JavaScript"
"Nashville, TN","5735","Ruby"
"Ottawa, Ontario, Canada","5726","JavaScript"
"Atlanta","5720","JavaScript"
"Toulouse, France","5714","JavaScript"
"Japan","5714","Emacs Lisp"
"Russia, Moscow","5704","Python"
"Madrid, Spain","5703","Python"
"Paris","5695","Shell"
"Hamburg","5685","PHP"
"Auckland, New Zealand","5684","JavaScript"
"Menlo Park, CA","5683","Python"
"Beijing, China","5680","PHP"
"Mountain View, CA","5671","C++"
"Montreal","5670","Ruby"
"Philippines","5669","PHP"
"Athens, Greece","5643","Python"
"San Francisco, CA, USA","5636","Ruby"
"Denver, CO","5624","Python"
"Brasilia, Brazil","5620","Java"
"Shanghai China","5605","JavaScript"
"Phoenix, AZ","5587","JavaScript"
"Santiago, Chile","5573","JavaScript"
"New Zealand","5570","Python"
"Nantes, France","5565","PHP"
"Austria","5565","Python"
"Brooklyn, New York, United States","5564","C"
"Stockholm","5563","Java"
"Durham, NC","5557","JavaScript"
"china beijing","5536","Clojure"
"Toronto, Canada","5521","Java"
"Buenos Aires","5520","JavaScript"
"London","5516","CSS"
"Pune","5510","JavaScript"
"Switzerland","5509","C++"
"Athens, Greece","5505","JavaScript"
"San Francisco Bay Area","5497","Ruby"
"San Francisco","5497","Go"
"Hangzhou, Zhejiang, China","5496","Java"
"Brooklyn","5493","JavaScript"
"United Kingdom","5492","C"
"Minsk, Belarus","5492","JavaScript"
"South Africa","5488","JavaScript"
"NYC","5484","PHP"
"Toronto, ON","5466","Ruby"
"Austin, TX","5465","Shell"
"San Francisco","5463","Perl"
"San Diego, California","5460","C"
"London","5451","VimL"
"Oslo, Norway","5448","C++"
"Taiwan","5447","PHP"
"Oslo, Norway","5445","C"
"Atlanta, GA","5434","PHP"
"South Korea","5427","Java"
"Barcelona, Spain","5419","Ruby"
"Seoul, Korea","5413","Python"
"England","5411","PHP"
"Buenos Aires, Argentina","5408","PHP"
"Raleigh, NC","5399","Java"
"London, UK","5390","C#"
"Melbourne, Australia","5389","Shell"
"Berlin, Germany","5384","C++"
"Orlando, FL","5382","JavaScript"
"Belgium","5381","C++"
"Milton Keynes, UK","5373","PHP"
"Finland","5369","Java"
"Spain, Alicante, Calpe","5367","JavaScript"
"Beijing,China","5365","JavaScript"
"Taiwan","5349","C++"
"Vancouver","5346","Ruby"
"Cambridge, MA","5340","C"
"Grenoble, France","5339","JavaScript"
"Vancouver, Canada","5326","Python"
"Paris, France","5325","Scala"
"Denver, CO","5309","PHP"
"Philippines","5306","Ruby"
"Sydney, Australia","5282","C#"
"Sakatoon, SK","5280","C"
"Toronto, Ontario","5264","PHP"
"Buenos Aires","5251","Java"
"Rio de Janeiro, Brazil","5250","JavaScript"
"Corvallis, OR","5247","Python"
"Portugal","5246","Java"
"Philippines","5243","JavaScript"
"Austin, TX","5241","C"
"Chicago, IL","5239","C++"
"Taipei, Taiwan","5237","C++"
"Vancouver","5235","Python"
"Israel","5228","Haskell"
"Utrecht, The Netherlands","5226","JavaScript"
"Japan","5225","Perl"
"London, UK","5225","VimL"
"Brisbane, Australia","5224","Python"
"Earth","5216","Python"
"Indonesia","5216","PHP"
"Brazil","5206","C++"
"San Jose, CA","5201","Java"
"Amsterdam","5186","PHP"
"London","5184","Perl"
"Berlin, Deutschland","5183","Ruby"
"Ireland","5182","C"
"Berlin, Germany","5174","Shell"
"The Netherlands","5164","C"
"Prague","5156","Java"
"Redmond","5151","JavaScript"
"Prévost","5139","Java"
"Taipei, Taiwan","5135","PHP"
"Salt Lake City, UT","5135","PHP"
"Oakland CA","5125","JavaScript"
"California","5124","PHP"
"Tokyo, Japan","5108","Scala"
"Karlsruhe, Germany","5106","Java"
"Dublin, Ireland","5101","Ruby"
"Tokyo","5093","Shell"
"Belgium","5091","C"
"Toronto, Ontario","5078","Python"
"CET","5071","C"
"Brooklyn, New York","5065","JavaScript"
"Cape Town, South Africa","5063","JavaScript"
"Boston","5062","Java"
"Minnesota","5048","JavaScript"
"San Francisco, CA","5047","Clojure"
"Lyon","5035","PHP"
"Bay Area","5030","JavaScript"
"Israel","5024","Java"
"Shanghai, China","5021","PHP"
"New York, NY","5021","Objective-C"
"Switzerland","5019","Scala"
"Hyderabad","5013","JavaScript"
"Hamburg, Germany","5011","PHP"
"Brooklyn, NY","5006","Java"
"UK","4997","Objective-C"
"Russia","4982","C"
"wisconsin home of cheese baby","4980","Java"
"Budapest, Hungary","4980","Java"
"Omaha, NE","4979","Java"
"Raleigh, NC","4974","PHP"
"Munich, Germany","4971","Ruby"
"San Diego","4968","Python"
"USA","4963","Ruby"
"Montevideo, Uruguay","4959","Ruby"
"Hilo, Hawaii, USA","4956","Ruby"
"Rio de Janeiro","4929","Ruby"
"Edinburgh, UK","4926","Ruby"
"California","4921","Java"
"Poland","4907","C++"
"United States","4904","PHP"
"Hong Kong","4899","C++"
"Aloha, Oregon, USA","4897","Shell"
"Spain","4895","Ruby"
"Portugal","4894","C++"
"London","4892","Objective-C"
"Redmond, WA","4891","JavaScript"
"Karlsruhe, Germany","4886","C"
"Cambridge, MA","4881","Haskell"
"Russia","4865","Lua"
"Russia, Saint-Petersburg","4857","Java"
"France","4856","Scala"
"South Kingstown, RI","4855","Python"
"Denver, Colorado","4847","JavaScript"
"Stockholm","4843","Ruby"
"Ireland","4837","Java"
"Silicon Valley","4834","JavaScript"
"Vienna, Austria","4832","Ruby"
"SF Bay Area","4831","JavaScript"
"China","4830","Shell"
"London","4828","Clojure"
"Minneapolis, MN","4827","Ruby"
"Vienna, Austria","4822","Java"
"Prague, CZ","4817","PHP"
"San Francisco","4811","VimL"
"Beijing","4806","PHP"
"Mountain View, CA","4806","Objective-C"
"London","4802","Lua"
"Prague","4800","JavaScript"
"Lyon","4800","JavaScript"
"Porto, Portugal","4786","Python"
"São Paulo","4781","Python"
"Montpellier, France","4780","JavaScript"
"Ukraine","4777","Python"
"Singapore","4777","Objective-C"
"Bucharest, Romania","4773","Java"
"Boston, MA","4771","Shell"
"Seoul, Korea","4768","Java"
"Bulgaria","4749","JavaScript"
"Istanbul, Turkey","4743","Java"
"Wellington, New Zealand","4741","PHP"
"Rueil Malmaison","4737","PHP"
"Argentina","4736","Python"
"Chicago, IL","4735","C"
"Aachen, Germany","4731","PHP"
"Budapest, Hungary","4728","JavaScript"
"Denmark","4726","C"
"Rio de Janeiro","4720","Python"
"Copenhagen, Denmark","4716","Java"
"Chattanooga, TN","4710","JavaScript"
"Norway","4708","PHP"
"Pune","4707","Ruby"
"Iowa City, IA","4690","Ruby"
"London, United Kingdom","4689","Ruby"
"London, UK","4685","CSS"
"Riga, Latvia","4684","JavaScript"
"Manchester, UK","4681","Ruby"
"China","4669","Objective-C"
"Porto, Portugal","4668","C"
"München","4661","Java"
"Christchurch, New Zealand","4659","Ruby"
"Boston, Massachusetts","4654","Python"
"Santa Barbara, CA","4650","Python"
"Trondheim, Norway","4647","JavaScript"
"Melbourne, Australia","4647","C++"
"Dublin, Ireland","4640","Python"
"Vancouver, BC","4639","PHP"
"Ottawa, Canada","4638","JavaScript"
"Europe","4635","Python"
"Toronto","4631","Java"
"Cambridge, MA","4621","Java"
"Aveiro, Portugal","4618","JavaScript"
"Santiago, Chile","4617","Python"
"Chicago","4614","PHP"
"Los Angeles, CA","4614","C"
"Köln, Germany","4612","PHP"
"Mexico","4608","JavaScript"
"Indianapolis, IN","4603","JavaScript"
"Brisbane","4599","Java"
"Ireland","4594","Python"
"Brighton, UK","4592","Python"
"Atlanta","4592","Ruby"
"Prague","4586","Ruby"
"Atlanta, GA","4583","Shell"
"Rome, Italy","4581","Java"
"Michigan","4581","JavaScript"
"Taipei, Taiwan","4576","Ruby"
"England","4571","Python"
"Santiago, Chile","4569","Ruby"
"china","4569","PHP"
"Helsinki, Finland","4568","C"
"Lisbon, Portugal","4566","Java"
"London, United Kingdom","4551","Python"
"Buenos Aires, Argentina","4550","Java"
"Munich, Germany","4550","Shell"
"Brussels","4547","PHP"
"Salt Lake City, UT","4547","Ruby"
"Oslo, Norway","4546","PHP"
"Istanbul","4542","Python"
"Los Angeles","4540","C"
"Barcelona, Spain","4539","PHP"
"Norfolk, VA","4535","JavaScript"
"Buenos Aires, Argentina","4532","Python"
"Texas","4530","JavaScript"
"USA","4530","Shell"
"Minneapolis, MN","4527","Python"
"Madrid, Spain","4525","Java"
"Pittsburgh, PA","4524","PHP"
"San Jose, California","4523","Java"
"Bucharest, Romania","4511","PHP"
"Tokyo","4511","C"
"Madison, WI","4508","Python"
"Bucharest, Romania","4496","Python"
"Mumbai, India","4483","JavaScript"
"Lexington, KY","4481","Ruby"
"Sydney, Australia","4479","C"
"Hamburg","4477","Java"
"England, UK","4468","PHP"
"San Jose, CA","4457","Ruby"
"London, UK","4456","Clojure"
"Copenhagen, Denmark","4443","C#"
"Hamburg, Germany","4434","Python"
"Zürich, Switzerland","4434","Python"
"Budapest","4427","JavaScript"
"United Kingdom","4421","Delphi"
"Bellevue, WA","4418","C#"
"Karlsruhe, Germany","4415","JavaScript"
"Santa Monica, CA","4404","Ruby"
"Auckland, New Zealand","4403","Ruby"
"Plano, TX","4386","JavaScript"
"São Paulo, Brazil","4375","Python"
"Montreal, QC","4374","JavaScript"
"Netherlands","4371","C++"
"Lawrence, KS","4368","PHP"
"Paris, france","4367","JavaScript"
"San Francisco, CA","4367","Perl"
"Chicago","4364","Objective-C"
"Ohio","4364","JavaScript"
"Madrid","4361","Python"
"Santa Cruz, CA","4360","C"
"Wellington","4356","PHP"
"Berkeley, CA","4351","C++"
"Lyon, France","4351","Python"
"http://goo.gl/maps/4qgC","4346","Ruby"
"Greece","4343","JavaScript"
"San Francisco, CA","4342","C#"
"Chennai, India","4341","JavaScript"
"New York, NY","4331","Go"
"Dublin","4329","JavaScript"
"Toronto, Ontario, Canada","4326","Java"
"Montreal, Quebec, Canada","4314","JavaScript"
"Internet","4312","JavaScript"
"japan","4311","JavaScript"
"Brazil","4308","Shell"
"Toronto, Canada","4308","C++"
"Moscow, Russia","4306","C"
"china","4304","Java"
"Shanghai","4303","C"
"Shanghai, China","4301","Python"
"Madrid, Spain","4294","PHP"
"Italy","4293","Shell"
"Brisbane, Australia","4293","C++"
"Cambridge, MA","4291","Julia"
"Colombia","4290","PHP"
"São Paulo","4288","PHP"
"Chicago, IL","4288","CSS"
"Belgium","4287","C#"
"Portugal","4287","Python"
"Los Angeles","4284","PHP"
"Argentina","4283","Java"
"Japan","4283","Objective-C"
"Ann Arbor, MI","4279","Ruby"
"Israel","4277","PHP"
"Tampa, FL","4272","JavaScript"
"Cleveland, OH","4263","JavaScript"
"Chicago, IL","4262","CoffeeScript"
"Stuttgart, Germany","4259","Python"
"Beijing, China","4256","Objective-C"
"Beijing","4256","Objective-C"
"Faubourg St John, New Orleans, LA","4254","JavaScript"
"SF","4250","JavaScript"
"Ukraine","4243","CoffeeScript"
"Montreal","4242","Python"
"Vienna, Austria","4240","PHP"
"Dresden, Germany","4226","Java"
"Edinburgh, UK","4220","JavaScript"
"UK","4220","Perl"
"Cambridge","4214","JavaScript"
"Prague","4211","C"
"Eindhoven, The Netherlands","4202","C++"
"Toronto, Ontario, Canada","4198","Python"
"Canada","4194","Shell"
"Canada","4194","C++"
"Helsinki, Finland","4192","Ruby"
"United States","4190","C"
"Bristol, UK","4189","JavaScript"
"Rome","4189","C"
"Houston, TX","4184","Python"
"Washington, DC","4184","Java"
"Helsinki, Finland","4183","PHP"
"China","4180","CSS"
"Berkeley, CA","4173","C"
"Chicago, IL","4172","Perl"
"Somerville, MA","4165","Python"
"Fredericksburg VA","4165","Python"
"Ukraine","4165","C"
"London, United Kingdom","4157","Java"
"Japan","4155","Haskell"
"London, UK","4151","Scala"
"Jakarta, Indonesia","4149","PHP"
"Ljubljana, Slovenia","4149","Python"
"Jyväskylä, Finland","4144","JavaScript"
"San Francisco","4133","Scala"
"New Zealand","4133","C"
"Auckland","4132","Java"
"Hungary","4124","JavaScript"
"Bucharest","4118","JavaScript"
"Copenhagen","4116","PHP"
"Oslo","4112","Java"
"Zagreb, Croatia","4111","Ruby"
"New Haven, CT","4109","Ruby"
"Austin, Tx","4108","Ruby"
"Portland, OR","4108","Objective-C"
"Montreal","4108","PHP"
"Kyiv, Ukraine","4104","JavaScript"
"Warsaw, Poland","4103","Ruby"
"Turcey, Burgundy, France","4099","Python"
"Geneva, Switzerland","4092","Python"
"Colombia","4092","JavaScript"
"Dublin, Ireland","4086","C"
"San Diego, CA","4078","PHP"
"Chicago, IL","4077","Shell"
"Copenhagen, Denmark","4077","Ruby"
"Cambridge","4074","Ruby"
"Montreal","4072","Java"
"China","4067","VimL"
"Kiev, Ukraine","4065","Ruby"
"Boulder, CO","4063","Python"
"Colombo, Sri Lanka","4057","PHP"
"Washington DC","4049","Ruby"
"Taiwan","4048","Python"
"Los Angeles, CA","4046","Clojure"
"Taiwan","4046","Shell"
"Dalian, China","4045","Java"
"Singapore","4043","C"
"Rio de Janeiro, Brazil","4039","Python"
"Madrid","4038","PHP"
"Bern, Switzerland","4036","Python"
"Portland, OR","4033","Shell"
"Germany/Berlin","4030","Ruby"
"Zürich, Switzerland","4029","JavaScript"
"35 Journal Sq. Jersey City, NJ 07306","4023","PHP"
"Houston, TX","4016","Ruby"
"Berlin, Germany","4013","Clojure"
"Hannover, Germany","4008","Ruby"
"Montpellier, France","4004","Java"
"Prague, Czech Republic","4002","Python"
"Moscow","4000","Shell"
"Austin, Texas","3995","Ruby"
"Orlando, FL","3994","Ruby"
"Tokyo, Japan","3992","Emacs Lisp"
"Philadelphia","3986","Python"
"Hangzhou, China","3981","Ruby"
"Atlanta","3977","Java"
"Pennsylvania","3976","Java"
"Indianapolis, IN","3972","Python"
"Cambridge, MA","3971","Scala"
"Canada","3967","C"
"Bethesda, MD USA","3966","Python"
"San Diego","3965","Java"
"Rensselaer, NY","3963","C++"
"Sydney, Australia","3961","Java"
"New Jersey","3960","Ruby"
"Karlsruhe, Germany","3958","Ruby"
"South Africa","3956","Python"
"Kharkiv, UA","3956","Ruby"
"Marion NC","3952","Java"
"Hillsboro, Oregon","3952","Smalltalk"
"Miami, FL USA","3950","PHP"
"New York, NY","3949","VimL"
"Puerto Rico","3940","JavaScript"
"Cologne","3940","C++"
"Switzerland","3937","C#"
"Konstanz","3936","Java"
"Amsterdam","3936","Ruby"
"France","3934","Perl"
"Palo Alto, CA","3934","PHP"
"Manila, Philippines","3933","Objective-C"
"Toronto, Canada","3933","Python"
"Argentina","3925","Ruby"
"Budapest","3924","Java"
"Poznań, Poland","3923","Java"
"Chile","3921","JavaScript"
"Edinburgh, UK","3913","Java"
"Florida","3912","JavaScript"
"Brussels","3911","JavaScript"
"Warsaw, Poland","3911","Python"
"Netherlands","3908","C#"
"New York","3903","C#"
"Spain","3903","C++"
"Helsinki, Finland","3902","Python"
"Indianapolis, IN","3900","Ruby"
"Copenhagen","3899","Ruby"
"United States","3897","Ruby"
"Brooklyn, NY","3890","Objective-C"
"Cluj-Napoca, Romania","3886","PHP"
"Slovakia","3885","JavaScript"
"Taiwan","3881","Java"
"Czech Republic","3881","C++"
"Denver, CO","3881","Java"
"Czech Republic","3879","Python"
"New Delhi, India","3877","Ruby"
"Porto, Portugal","3876","JavaScript"
"Bergen, Norway","3875","Python"
"Russia, Moscow","3875","C++"
"Chicago, IL","3870","Objective-C"
"USA","3865","C++"
"Perth, Western Australia","3864","PHP"
"Sydney, Australia","3863","CoffeeScript"
"Prague, Czech Republic","3860","Java"
"Nice, France","3857","OCaml"
"Vienna, Austria","3855","C"
"New Delhi, India","3848","JavaScript"
"Sofia, Bulgaria","3845","Ruby"
"Xiamen","3843","C"
"Seoul, South Korea","3841","JavaScript"
"Oxford","3840","C++"
"Melbourne, Australia","3838","C#"
"Brisbane","3828","JavaScript"
"Brno","3820","Java"
"Nashville, AR","3818","C"
"Seattle, WA","3817","CSS"
"Copenhagen","3806","Java"
"Chicago","3806","Java"
"Québec, Canada","3806","JavaScript"
"Kraków, Poland","3801","JavaScript"
"Stockholm, Sweden","3801","Shell"
"Seattle, WA","3800","VimL"
"Seoul","3797","Java"
"Louisiana","3795","Java"
"Berlin, Germany","3791","CoffeeScript"
"Stuttgart, Germany","3787","JavaScript"
"Chennai","3780","Java"
"Poland","3778","Shell"
"Lawrence, KS","3777","Python"
"Hangzhou","3774","JavaScript"
"Birmingham, AL","3771","Ruby"
"Tallinn, Estonia","3768","JavaScript"
"Berlin","3765","Objective-C"
"Arlington, VA","3746","JavaScript"
"Montreal, Canada","3745","Ruby"
"Edinburgh, Scotland","3744","JavaScript"
"Lausanne, Switzerland","3742","JavaScript"
"Vienna, Austria","3741","Python"
"New York","3737","Clojure"
"Wuppertal, Germany","3734","PHP"
"Ireland","3733","Ruby"
"Columbus, Ohio","3728","JavaScript"
"Boulder, CO","3727","Java"
"Sydney, Australia","3719","Scala"
"Helsinki","3717","Ruby"
"Argentina","3717","PHP"
"Brooklyn","3713","Python"
"London, UK","3713","Objective-C"
"Neuchatel","3713","C++"
"Somerville, MA","3708","JavaScript"
"St.Petersburg, Russia -- Cambridge, UK","3707","Java"
"shanghai","3706","PHP"
"Kraków, Poland","3699","Ruby"
"Haifa Israel.","3698","C"
"Ames, IA","3697","R"
"Bristol, UK","3696","PHP"
"Newcastle upon Tyne, UK","3696","JavaScript"
"New York, NY","3694","CSS"
"福建厦门","3694","JavaScript"
"Grenoble, France","3693","Java"
"Moscow, Russia","3691","Java"
"Romania","3690","C++"
"Japan","3690","C#"
"United States","3682","C++"
"Malmö, Sweden","3680","JavaScript"
"Minneapolis, MN","3678","PHP"
"Austria","3668","C++"
"Toulouse, France","3664","Python"
"Edmonton, AB, Canada","3661","Java"
"India","3660","C++"
"Taipei, Taiwan","3659","Python"
"New York, NY","3656","CoffeeScript"
"Colorado","3653","Ruby"
"Amsterdam, Netherlands","3651","JavaScript"
"Pittsburgh","3648","Ruby"
"Tokyo","3643","VimL"
"New York","3639","Objective-C"
"Kiev","3639","JavaScript"
"Russia, Moscow","3639","Ruby"
"Cologne, Germany","3638","Ruby"
"Hamburg","3637","Shell"
"Cambridge","3637","OCaml"
"São Paulo, SP, Brazil","3637","PHP"
"Canada","3631","C#"
"japan","3631","PHP"
"Mexico","3627","Ruby"
"Richmond, VA","3625","JavaScript"
"Rennes, France","3624","Java"
"Toulouse, France","3624","C++"
"Vancouver, BC, Canada","3623","JavaScript"
"San Diego","3620","Ruby"
"Kansas City, MO","3618","JavaScript"
"Houston, TX","3618","Perl"
"Pittsburgh, PA","3618","Java"
"Dallas, TX, USA","3617","PHP"
"Tokyo, Japan","3614","Objective-C"
"Taiwan","3611","C"
"Chicago, Illinois","3610","JavaScript"
"Tokyo","3610","C++"
"Israel","3609","C#"
"Birmingham, UK","3609","PHP"
"Lisbon, Portugal","3604","JavaScript"
"Germany","3602","CSS"
"Portland, Oregon","3596","C"
"Fairfax, VA","3596","PHP"
"Montréal, Québec","3595","PHP"
"Copenhagen, Denmark","3593","Python"
"Istanbul","3588","JavaScript"
"San Antonio, TX","3578","JavaScript"
"Mumbai","3578","JavaScript"
"Ottawa","3577","Ruby"
"Russia, Moscow","3577","PHP"
"Cleveland, OH","3576","Ruby"
"NYC","3573","Java"
"Stockholm","3572","PHP"
"Denver","3570","Ruby"
"Germany","3558","VimL"
"Marion, IL","3556","JavaScript"
"Romania","3547","JavaScript"
"Tokyo","3544","Haskell"
"Ann Arbor, MI","3543","C"
"Oxford, UK","3541","JavaScript"
"Portland, OR","3538","Perl"
"Finland","3537","Ruby"
"Shanghai","3523","C++"
"Munich, Germany","3523","C++"
"Philadelphia, PA","3516","PHP"
"Mumbai","3513","Ruby"
"Amsterdam, The Netherlands","3513","Ruby"
"Budapest, Hungary","3512","PHP"
"Stockholm, Sweden","3509","PHP"
"Cluj-Napoca, Romania","3508","JavaScript"
"Chennai","3504","Ruby"
"Paris","3497","Scala"
"Hong Kong","3492","C"
"Calgary","3489","JavaScript"
"Auckland, NZ","3488","PHP"
"Brasil","3487","PHP"
"England","3487","C"
"Austin, Tx","3485","Shell"
"Kraków, Poland","3483","Elixir"
"Rio de Janeiro, Brazil","3482","Go"
"Michigan, USA","3480","Java"
"Belarus, Minsk","3478","Ruby"
"Portland, OR","3477","Puppet"
"Zürich","3476","Java"
"Boston, MA","3475","C++"
"Blacksburg, VA","3473","Ruby"
"Hamburg","3470","Ruby"
"UK","3467","Clojure"
"Coventry, UK","3466","C++"
"Tokyo","3465","Objective-C"
"Brno, Czech Republic","3460","Python"
"Zurich","3456","C"
"Sydney, Australia","3456","Shell"
"Lima, Perú","3452","Ruby"
"Grand Rapids, MI","3450","JavaScript"
"Lithuania","3448","Java"
"Edinburgh, Scotland","3446","C"
"Czech Republic","3439","Java"
"Seoul","3436","JavaScript"
"Oxfordshire","3432","Java"
"Yokohama, Japan","3432","C"
"japan","3431","Ruby"
"Moscow","3425","C#"
"Venezuela","3423","PHP"
"Vienna, Austria","3420","Objective-C"
"Portugal","3418","PHP"
"Brisbane, Australia","3418","PHP"
"Norway","3416","C#"
"San Rafael, CA","3416","JavaScript"
"Lille, France","3416","Java"
"Dublin, Ireland","3416","Java"
"Shanghai, China","3414","C"
"Århus","3414","PHP"
"São Paulo, Brasil","3412","JavaScript"
"Guanajuato, Mexico","3411","Java"
"Romania","3410","PHP"
"Canberra, Australia","3409","PHP"
"Massachusetts","3407","C"
"New York ,NY","3389","JavaScript"
"Cambridge, MA","3388","PHP"
"Lausanne, Switzerland","3380","Java"
"Boston, MA","3380","VimL"
"Vancouver, Canada","3378","PHP"
"Montevideo, Uruguay","3377","JavaScript"
"San Francisco Bay Area","3374","C++"
"Hungary","3372","C"
"Mountain View","3372","JavaScript"
"San Francisco","3366","Lua"
"NY","3363","JavaScript"
"Scotland","3362","JavaScript"
"Cambridge, UK","3361","CoffeeScript"
"Providence, RI","3359","C++"
"Hamburg, Germany","3358","C++"
"Miami, FL","3354","Java"
"Gothenburg, Sweden","3349","Ruby"
"Ontario, Canada","3349","JavaScript"
"Helsinki","3345","Java"
"California","3335","C"
"Milwaukee, WI","3335","JavaScript"
"New Zealand","3333","C++"
"Auckland, New Zealand","3329","Java"
"Munich, Germany","3323","PHP"
"France","3322","VimL"
"London UK","3317","Java"
"Los Angeles, CA","3314","Shell"
"Warsaw","3309","Ruby"
"Montréal","3309","JavaScript"
"La Rochelle, France","3303","PHP"
"Saint-Petersburg","3302","Java"
"Tempe, AZ","3298","JavaScript"
"Los Angeles","3292","C++"
"Southampton, UK","3292","JavaScript"
"New York City","3284","PHP"
"Singapore","3283","C++"
"ShangHai","3283","JavaScript"
"Zürich, Zurich, Switzerland","3280","PHP"
"Tucson, AZ","3272","Java"
"New York City","3271","Java"
"New Jersey","3269","Python"
"Los Angeles","3267","Objective-C"
"Edinburgh, Scotland","3265","PHP"
"Tempe, AZ","3263","Ruby"
"Bucharest","3262","PHP"
"Tel Aviv, Israel","3262","JavaScript"
"Colorado Springs","3258","C#"
"Beijing China","3257","Ruby"
"Espoo, Finland","3252","Python"
"Fairfax, VA","3250","JavaScript"
"Manchester, UK","3248","Python"
"San Antonio","3247","Python"
"Bern, Switzerland","3246","JavaScript"
"Brno, Czech Republic","3243","JavaScript"
"Ukraine","3240","C++"
"Columbus, OH","3240","PHP"
"Cambridge, UK","3240","C"
"Milan, Italy","3239","JavaScript"
"Japan","3238","Scala"
"Manila, Philippines","3237","Ruby"
"Nashville, TN","3235","Python"
"Gothenburg, Sweden","3235","JavaScript"
"Milan, Italy","3231","Java"
"Vienna, Austria","3230","Scala"
"New York","3229","CSS"
"Washington, DC","3229","Perl"
"Tokyo Japan","3225","JavaScript"
"New Delhi","3225","JavaScript"
"Earth","3224","PHP"
"Sydney, Australia","3222","VimL"
"Madison, WI","3221","PHP"
"New York, New York","3218","Ruby"
"Minneapolis","3215","JavaScript"
"Augsburg, Germany","3214","JavaScript"
"Cologne, Germany","3212","Java"
"Zurich","3211","Java"
"Istanbul","3206","Java"
"Geneva, Switzerland","3205","JavaScript"
"Silicon Valley","3203","Ruby"
"Chicago, IL","3202","VimL"
"Jakarta","3201","PHP"
"Washington, D.C.","3196","PHP"
"USA North East","3196","Java"
"Rio do Sul, Santa Catarina, Brasil","3190","Ruby"
"Lille, France","3190","JavaScript"
"Vancouver, Canada","3188","Java"
"Spain","3188","Shell"
"Germany","3188","Scala"
"Vietnam","3185","JavaScript"
"Berkeley, CA","3183","Haskell"
"Dallas, TX","3178","PHP"
"Hungary","3177","Java"
"Toronto, ON","3175","PHP"
"Hangzhou, China","3173","Java"
"Saint-Petersburg, Russia","3172","JavaScript"
"London","3171","CoffeeScript"
"St. Louis, MO","3169","JavaScript"
"Joinville","3165","Java"
"France","3164","CoffeeScript"
"San Francisco Bay Area","3163","Python"
"Nairobi, Kenya","3163","JavaScript"
"Brisbane, Australia","3161","Shell"
"Leeds, UK","3161","JavaScript"
"Russia","3160","Shell"
"Sofia, Bulgaria","3159","C"
"Brasil","3155","Ruby"
"New Zealand","3153","Perl"
"Netherlands","3151","Perl"
"Orlando, FL","3151","Java"
"Cape Town, South Africa","3148","Ruby"
"http://www.sophists.com","3146","C++"
"Sweden","3145","Objective-C"
"Sunnyvale, CA","3144","C++"
"Bonn, Germany","3144","Python"
"Shanghai,China","3142","JavaScript"
"Hannover, Germany","3140","JavaScript"
"Nice, France","3138","JavaScript"
"Rome","3135","Python"
"Farnham, UK","3133","PHP"
"Earth","3133","Java"
"Swansea, UK.","3131","Ruby"
"France","3129","C#"
"Beijing, China","3127","Perl"
"Dallas, TX","3123","Java"
"Australia","3121","C#"
"Montreal, Quebec, Canada","3120","C"
"Sweden","3120","VimL"
"Amsterdam, NL","3116","C"
"Toulouse","3116","Java"
"Norway","3112","C++"
"Beijing","3112","VimL"
"Madison, WI","3111","Java"
"Adelaide, Australia","3109","Python"
"Oulu, Finland","3107","JavaScript"
"china","3099","C"
"Kiev, Ukraine","3098","C++"
"Barcelona","3097","C++"
"Aptos, CA","3090","JavaScript"
"Barcelona","3090","C"
"Indonesia","3088","JavaScript"
"Munich","3086","Ruby"
"Sweden","3083","Haskell"
"china","3083","Ruby"
"Warsaw, Poland","3080","C"
"Minsk","3080","JavaScript"
"Vancouver, BC","3080","C"
"Dresden, Germany","3079","JavaScript"
"SF Bay Area, CA","3077","JavaScript"
"Ottawa, ON","3076","JavaScript"
"Stuttgart","3076","PHP"
"The cloud","3074","Ruby"
"Shenzhen","3073","PHP"
"Dublin, Ireland","3073","PHP"
"Hanoi, Vietnam","3072","Java"
"Russia, Moscow","3072","Java"
"Warsaw, Poland","3071","Shell"
"Orange County, CA","3070","JavaScript"
"Shanghai","3068","PHP"
"Berkeley, CA","3066","Scala"
"DC","3063","JavaScript"
"Colorado","3062","JavaScript"
"Canberra, Australia","3058","JavaScript"
"Mexico City","3056","JavaScript"
"Seattle","3054","C++"
"Boston, MA","3052","CoffeeScript"
"New Jersey","3051","C"
"UK","3051","VimL"
"Manchester, UK","3050","PHP"
"New Zealand","3050","Ruby"
"Santiago, Chile","3050","PHP"
"Buffalo, NY","3049","JavaScript"
"Oakland, CA","3048","Python"
"Oxford","3044","Python"
"Prague, Czech Republic","3044","Shell"
"Germany","3043","Lua"
"Ontario, Canada","3042","Java"
"Portland, Oregon","3040","Java"
"Chambéry","3037","JavaScript"
"Estonia","3034","JavaScript"
"Redmond, WA","3033","C#"
"Palo Alto, CA","3032","Rust"
"New Jersey, USA","3029","PHP"
"Portland, Oregon","3029","PHP"
"Kanagawa, Japan.","3027","Ruby"
"tokyo","3027","JavaScript"
"Massachusetts","3024","Java"
"Providence, RI","3022","JavaScript"
"Grenoble","3022","Java"
"Texas","3021","Ruby"
"Malaysia","3020","Python"
"Denver, Colorado","3015","Ruby"
"Boston","3011","PHP"
"Wellington, New Zealand","3010","Python"
"France","3009","CSS"
"Athens, Greece","3007","Ruby"
"Paris","3005","CSS"
"Boston","3004","R"
"Portland","2998","Ruby"
"Ottawa, Canada","2997","Ruby"
"south florida","2993","Python"
"Texas","2993","Java"
"Austin, Texas","2992","Python"
"New York","2990","Shell"
"Croatia","2988","C"
"Romania","2983","Python"
"Montreal","2983","C++"
"New York","2981","VimL"
"Beijing","2978","Shell"
"Livermore, CA, USA","2978","C"
"Istanbul, Turkey","2971","JavaScript"
"Dallas","2970","Shell"
"São Paulo","2968","Ruby"
"Hungary","2967","C++"
"Vejle, Denmark","2966","PHP"
"Paris","2966","OCaml"
"Providence, RI","2965","Python"
"Beijing","2965","CSS"
"Austin, TX","2964","VimL"
"Dublin, Ireland","2961","C#"
"Korea","2961","JavaScript"
"Exeter, UK","2960","Python"
"England","2959","Ruby"
"Nantes","2959","PHP"
"Austin, TX","2958","Objective-C"
"Brooklyn, New York","2957","C++"
"Orem, UT","2953","Ruby"
"Hangzhou, China","2951","Python"
"Philadelphia, PA","2950","Java"
"Seattle, WA","2947","Perl"
"Orlando, FL","2945","PHP"
"Pune, India","2945","JavaScript"
"Miami","2942","JavaScript"
"Montreal, QC","2942","PHP"
"New York City","2942","C"
"Ottawa","2940","JavaScript"
"York, UK","2939","JavaScript"
"Portland, OR","2937","VimL"
"Austria","2936","Ruby"
"London","2934","Haskell"
"San Francisco, California","2933","Java"
"Berkeley","2930","JavaScript"
"Brasil","2930","Python"
"Toronto, Ontario, Canada","2928","Ruby"
"Buffalo, NY","2925","R"
"Charleston, SC","2924","JavaScript"
"Toronto, Ontario","2921","Perl"
"Philadelphia","2919","Ruby"
"Pasadena, CA","2918","Ruby"
"Melbourne, Australia","2917","Objective-C"
"Ukraine, Kiev","2915","PHP"
"New York","2914","Scala"
"The Netherlands","2912","C++"
"United Kingdom","2912","Objective-C"
"Burlington, VT","2910","Ruby"
"Hamburg, Germany","2903","Shell"
"Munich","2903","Groovy"
"Cologne, DE","2901","C++"
"Costa Rica","2900","JavaScript"
"Cambridge, UK","2900","Shell"
"Phoenix, AZ","2899","Ruby"
"Turkey","2897","JavaScript"
"Latvia","2892","Ruby"
"Brno, Czech Republic","2892","Ruby"
"Greece","2892","PHP"
"Norway","2892","C"
"Kiev","2891","PHP"
"Cape Town","2890","Python"
"Atlanta, GA","2886","C++"
"Utah","2886","JavaScript"
"Bandung, Indonesia","2886","PHP"
"SF","2885","Ruby"
"London","2884","Emacs Lisp"
"OK","2884","JavaScript"
"Bangalore, India","2878","PHP"
"Cologne, Germany","2878","Python"
"Montevideo, Uruguay","2875","Python"
"Mumbai","2875","Python"
"Tehran, Iran","2873","PHP"
"China","2870","C#"
"Oakland, California, USA","2870","JavaScript"
"Maryland, United States","2869","C"
"Paris","2868","Perl"
"Marseille","2868","Java"
"Yekaterinburg, RU","2868","Python"
"Nebraska","2867","PHP"
"Berlin","2866","Go"
"Amsterdam, The Netherlands","2866","Python"
"Salt Lake City, UT","2865","JavaScript"
"Nairobi, Kenya","2865","Python"
"Portland, OR, USA","2863","Perl"
"Stellenbosch, South Africa","2863","Python"
"Boston, MA","2861","CSS"
"Berlin, Germany","2856","Go"
"Bern, Switzerland","2854","Java"
"Durham, NC","2852","Python"
"Amsterdam, the Netherlands","2852","Ruby"
"Los Angeles","2851","Shell"
"Cambridge, MA, USA","2848","C#"
"Stanford, CA","2847","Python"
"Vienna","2843","Python"
"Saint-Petersburg, Russia","2841","Ruby"
"Milan, Italy","2841","Puppet"
"Stuttgart, Germany","2836","PHP"
"Buffalo, NY","2836","Ruby"
"Columbia, MO","2835","JavaScript"
"Minsk, Belarus","2835","Python"
"Budapest, Hungary","2831","Ruby"
"Menlo Park, CA","2831","C++"
"Texas.","2831","Shell"
"Austin","2830","Python"
"Russia, Saint-Petersburg","2830","Python"
"Brisbane, Australia","2829","C#"
"Moscow, Russia","2828","Shell"
"Taiwan","2822","VimL"
"Portland, OR","2822","Haskell"
"Alabama, United States","2821","C"
"Rotterdam, The Netherlands","2820","PHP"
"Israel","2815","Perl"
"NYC","2815","VimL"
"Leipzig","2815","JavaScript"
"SF Bay Area","2814","Ruby"
"Hamilton, Ontario, Canada","2811","PHP"
"Beijing, China","2811","VimL"
"Paris, France","2810","C#"
"The Netherlands","2808","C#"
"Shanghai, China","2807","Shell"
"Prague, Czech Republic","2807","C++"
"Denmark, USA, Switzerland","2805","ColdFusion"
"Half Moon Bay, CA","2803","JavaScript"
"Brooklyn","2800","Ruby"
"Adelaide, Australia","2798","Ruby"
"Rome, Italy","2798","Ruby"
"Paris, France","2796","VimL"
"Russia, Omsk","2796","Java"
"Czech Republic","2796","C"
"Berkeley, CA","2796","PHP"
"Los Angeles, CA","2795","Perl"
"México","2792","PHP"
"Berkeley, CA","2788","Shell"
"Zagreb, Croatia","2786","JavaScript"
"http://webchat.freenode.net/?channels=#unhosted","2784","JavaScript"
"Porto Alegre, Brazil","2784","JavaScript"
"Milan, Italy","2784","Ruby"
"Paris","2782","Objective-C"
"Riga, Latvia","2778","PHP"
"Ukraine, Kiev","2777","JavaScript"
"Stockholm, Sweden","2777","C#"
"Rio de Janeiro, Brazil","2776","Ruby"
"Nantes","2776","JavaScript"
"Detroit, MI","2775","JavaScript"
"Tokyo/Japan","2775","JavaScript"
"Waterloo, Ontario, Canada","2773","JavaScript"
"San Jose, CA","2766","Objective-C"
"Arlington, WA","2765","Java"
"UK","2763","CSS"
"Melbourne, Australia","2760","VimL"
"US","2758","JavaScript"
"Shanghai","2757","Shell"
"Espoo, Finland","2757","JavaScript"
"China","2756","Perl"
"San Francisco, CA.","2751","C"
"Stuttgart, Germany","2750","C++"
"Beijing, China","2749","Shell"
"Tomsk, Russia","2748","Ruby"
"San Antonio, TX","2745","Shell"
"South Africa","2744","PHP"
"Kraków","2743","Ruby"
"Bangkok, Thailand","2743","JavaScript"
"Sydney","2741","Java"
"Auckland, New Zealand","2740","Python"
"Toulouse","2739","PHP"
"beijing","2734","Ruby"
"Leeds, UK","2734","PHP"
"Edinburgh","2734","JavaScript"
"San Francisco, CA. USA","2733","Objective-C"
"Dublin","2732","Ruby"
"Seattle","2730","PHP"
"Washington, DC","2730","CSS"
"Calgary, Canada","2730","JavaScript"
"London, England","2727","PHP"
"Santa Monica, CA","2722","JavaScript"
"Munich","2720","C"
"Ohio","2720","Python"
"Irvine, CA","2720","JavaScript"
"The Netherlands","2717","Shell"
"Saint-Petersburg","2716","C++"
"Virginia, USA","2714","C"
"Zurich","2709","Ruby"
"Istanbul, Turkey","2708","Python"
"Chicago IL","2705","Ruby"
"Kanagawa, Japan","2703","Ruby"
"China","2702","Emacs Lisp"
"beijing","2701","PHP"
"Ferrara","2700","Python"
"Kiev, Ukraine","2699","PHP"
"Michigan","2699","Python"
"Rotterdam","2695","Java"
"Russian Federation","2694","JavaScript"
"Vienna","2694","PHP"
"Auckland","2693","JavaScript"
"Sunnyvale","2693","Python"
"Santa Barbara","2689","Ruby"
"Chicago, IL","2688","Erlang"
"Los Gatos, CA","2688","JavaScript"
"Seoul, South Korea","2687","Java"
"Gilbert, Arizona","2687","PHP"
"Wellington, New Zealand","2684","C#"
"Berkeley, CA","2684","Objective-C"
"Boston, MA","2683","Clojure"
"Ithaca, NY","2681","Python"
"Charlottesville, VA","2679","JavaScript"
"Szeged, Hungary","2679","Java"
"Cambridge, UK","2678","C++"
"Montreal, Canada","2674","C"
"Malaysia","2674","JavaScript"
"Manchester, UK","2671","Java"
"Greece","2669","C"
"Wrocław, Poland","2667","JavaScript"
"Cape Town, South Africa","2665","PHP"
"Seattle","2665","Shell"
"Princeton, NJ","2663","JavaScript"
"Canada","2658","CSS"
"Oceanside, California","2658","JavaScript"
"Portugal","2658","Ruby"
"London UK","2657","Python"
"Warsaw","2653","Java"
"Miami, FL","2652","Ruby"
"Vrhnika, Slovenia","2651","Java"
"Ukraine","2651","C#"
"Mumbai, India","2645","PHP"
"Brazil","2642","C#"
"Singapore","2638","Shell"
"Edinburgh, UK","2637","Python"
"Matsue, Japan","2637","C"
"San Diego, CA","2636","Java"
"Austria","2635","C"
"Denmark","2635","D"
"Nashville, AR","2634","Java"
"Samara, Russia","2633","C++"
"Baltimore, MD","2632","C"
"beijing","2631","Java"
"LUGANO","2630","JavaScript"
"Yokohama, Japan","2629","JavaScript"
"Israel","2628","C"
"Melbourne, Victoria","2628","Ruby"
"London, UK","2626","Perl"
"Nantes, France","2625","JavaScript"
"New Jersey","2624","PHP"
"http://gitorious.org/tlevine/","2624","Python"
"Geneva","2624","Java"
"Mesa, AZ","2623","JavaScript"
"Mannheim, Germany","2621","PHP"
"Sheffield, UK","2621","Groovy"
"杭州","2619","JavaScript"
"Poznań, Poland","2619","JavaScript"
"Sydney, Australia","2616","Perl"
"Jakarta, Indonesia","2612","JavaScript"
"Lokeren & Ghent, Belgium","2612","Haskell"
"Auckland, New Zealand","2611","C"
"Zagreb, Croatia","2610","PHP"
"Chapel Hill, NC","2608","Python"
"Ghent, Belgium","2607","Ruby"
"Vancouver, Canada","2606","Ruby"
"Ireland","2605","PHP"
"Minsk","2604","Java"
"Yerevan, Armenia","2603","JavaScript"
"Toronto, Ontario","2603","Ruby"
"Auckland, New Zealand","2600","PHP"
"北京","2597","JavaScript"
"Bonn, Germany","2597","JavaScript"
"Bremen, Germany","2594","Ruby"
"NYC","2592","C++"
"Bay Area, CA","2591","JavaScript"
"Lithuania","2591","Python"
"Krakow, Poland","2590","Java"
"Ottawa, Canada","2590","Java"
"Tokyo","2589","Perl"
"Minsk, Belarus","2589","Java"
"Madrid (Spain)","2587","Python"
"Europe, Bulgaria","2587","Shell"
"Nairobi, Kenya","2585","PHP"
"Rotterdam","2585","PHP"
"Cambridge, MA","2583","Objective-C"
"Manchester","2582","JavaScript"
"Menlo Park, CA","2581","JavaScript"
"Frankfurt am Main","2578","PHP"
"Venezuela","2576","JavaScript"
"Serbia","2576","C"
"Cincinnati, Ohio","2571","JavaScript"
"Nijmegen, The Netherlands","2570","PHP"
"Singapore","2570","C#"
"Hungary","2568","PHP"
"Kaiserslautern, Germany","2567","C++"
"Kiev, Ukraine","2567","Python"
"Texas.","2565","Ruby"
"Leipzig","2563","PHP"
"Portland, OR","2562","CSS"
"Varna, Bulgaria","2560","JavaScript"
"Bucharest","2558","Python"
"United Kingdom","2558","C#"
"Sacramento, California","2557","Ruby"
"Russia, Omsk","2551","C"
"Welington, New Zealand","2551","PHP"
"Toronto, Canada","2549","Shell"
"94110","2548","Ruby"
"Dunaharaszti, Pest, Hungary","2548","Java"
"Solothurn/SO - Switzerland","2547","Shell"
"Arlington, VA","2546","Ruby"
"Berlin, Germany","2544","Haskell"
"Seattle, WA","2543","CoffeeScript"
"Slovakia","2532","PHP"
"Austin, TX","2532","CSS"
"japan","2530","VimL"
"Stockholm, Sweden","2529","Erlang"
"Huntsville, AL","2529","Python"
"Rio de Janeiro, RJ, Brazil","2528","Python"
"Virginia","2526","JavaScript"
"Venezuela - Aragua","2525","PHP"
"Netherlands","2524","Shell"
"Tartu, Estonia","2524","C++"
"Shanghai","2522","Objective-C"
"Chicago, IL","2521","Clojure"
"Wellington, New Zealand","2518","C"
"Madison, WI","2518","C++"
"Bay Area","2516","Ruby"
"Napa, CA","2515","JavaScript"
"Goshen, IN USA","2514","Ruby"
"Osaka, Japan","2514","JavaScript"
"Lincoln, NE","2513","PHP"
"Belarus","2512","Java"
"Musashino-shi, Tokyo, Japan","2511","C#"
"Mountain View, CA","2510","Shell"
"Seoul, Korea","2509","Ruby"
"London","2508","Puppet"
"São Paulo, Brasil","2508","ActionScript"
"Chennai","2508","Python"
"Boston, MA","2508","Objective-C"
"Russia, Saint-Petersburg","2507","Ruby"
"Canada","2507","Objective-C"
"London, United Kingdom","2505","PHP"
"State College, PA","2504","JavaScript"
"Columbus, Ohio","2504","Ruby"
"Sydney Australia","2503","Python"
"Sweden","2499","Emacs Lisp"
"Birmingham, UK","2498","JavaScript"
"Saint-Petersburg, Russia","2498","Python"
"Brno, Czech Republic","2496","C"
"San Francisco","2495","Clojure"
"Oregon","2494","JavaScript"
"Rotterdam","2491","JavaScript"
"Kazan, Russia","2490","C++"
"beijing/china","2489","PHP"
"Toronto, ON, Canada","2489","JavaScript"
"Canada","2488","VimL"
"Virginia, USA","2487","JavaScript"
"Pittsburgh","2486","JavaScript"
"Utrecht, The Netherlands","2486","Python"
"San Jose, CA","2486","Python"
"South Africa","2485","Java"
"London, UK","2483","CoffeeScript"
"Palo Alto","2481","JavaScript"
"Louisville, KY","2478","JavaScript"
"Stornoway","2477","Objective-C"
"St. Louis, MO, USA","2473","Java"
"Albuquerque, NM","2473","JavaScript"
"Colima, Mexico","2471","Ruby"
"Helsinki, Finland","2471","C++"
"Waterloo, Ontario","2469","JavaScript"
"Palo Alto","2469","Ruby"
"Poznań","2468","PHP"
"Liberec, Czech Republic","2468","PHP"
"Canberra","2468","Java"
"Brandýs nad Labem, Czech Republic","2467","Java"
"Brooklyn, NY","2465","VimL"
"California","2463","C++"
"Red Lick, TX, USA","2462","JavaScript"
"Internet","2461","PHP"
"New Jersey, USA","2459","Java"
"Warsaw, Poland","2456","Java"
"Moscow","2456","Haskell"
"china","2456","Python"
"Nagoya, Japan","2455","JavaScript"
"Portland, Oregon, USA","2454","Ruby"
"Berlin, Germany","2454","Emacs Lisp"
"UK","2449","Scala"
"Sri Lanka","2445","Java"
"Seattle, WA, USA","2440","JavaScript"
"San Jose, California, USA","2439","Python"
"Ohio","2435","C"
"Vienna","2435","C++"
"Pennsylvania","2435","JavaScript"
"India","2434","Shell"
"Chapel Hill, NC","2433","Ruby"
"Horten, Norway","2433","C"
"Vienna, Austria","2433","C#"
"Cleveland, OH","2431","Python"
"Los Angeles, CA","2431","CoffeeScript"
"Portland, Or","2431","JavaScript"
"Nantes","2430","Java"
"stockholm/internets","2430","Emacs Lisp"
"Sofia, Bulgaria","2428","C#"
"Sacramento, CA","2427","JavaScript"
"Bologna, Italy","2427","JavaScript"
"Belarus","2425","C"
"Paris, France","2424","CoffeeScript"
"Lithuania","2422","PHP"
"New York, New York","2420","Python"
"San Francisco, California, USA","2419","JavaScript"
"#eggsml","2418","Python"
"Wisconsin, USA","2417","Java"
"Leipzig","2417","C++"
"Hong Kong","2414","Python"
"Johnstown, PA","2412","JavaScript"
"Lincoln, NE","2412","JavaScript"
"Saint Petersburg, Russia","2411","JavaScript"
"Columbia, Missouri","2410","JavaScript"
"San Diego","2409","PHP"
"North Carolina","2409","JavaScript"
"Vilnius, Lithuania","2409","Ruby"
"France","2407","Objective-C"
"Denmark","2407","Scala"
"Stanford, CA","2406","Ruby"
"tokyo","2406","Ruby"
"Somerville, MA","2405","Perl"
"Ontario, Canada","2405","Python"
"germany","2403","Python"
"Rome, Italy","2402","Perl"
"Lund, Sweden","2401","Perl"
"Ljubljana, Slovenia","2401","JavaScript"
"Melbourne","2401","PHP"
"Europe","2400","JavaScript"
"Germany","2400","Puppet"
"Thailand","2399","JavaScript"
"Dresden","2397","Java"
"Eindhoven, The Netherlands","2397","Python"
"Mifflinburg, PA","2397","Python"
"Munich","2395","Python"
"Medellin, Colombia","2395","Ruby"
"Italy","2394","C#"
"Mountain View, California","2392","Java"
"Omaha, NE","2388","JavaScript"
"Edmonton, Canada","2387","Ruby"
"Charlottetown","2387","PHP"
"Brisbane, AU","2383","PHP"
"Chennai, India","2382","Ruby"
"Washington","2381","JavaScript"
"Washington DC","2380","Python"
"Stuttgart","2379","Java"
"Zaragoza","2376","PHP"
"Portland, Oregon","2371","Shell"
"Cincinnati, OH","2370","Ruby"
"Miami","2368","Java"
"Mexico City","2368","Python"
"Tampere, Finland","2368","JavaScript"
"Brazil","2365","VimL"
"Łódź, Poland","2365","PHP"
"Arizona","2365","JavaScript"
"Michigan","2364","C"
"Brighton, UK","2364","PHP"
"Netherlands","2359","Go"
"Cary, NC","2359","Ruby"
"Boulder, Colorado","2359","JavaScript"
"United Kingdom","2359","Shell"
"Bratislava, Slovakia","2359","C"
"Brooklyn, NY","2357","Shell"
"Cambridge","2357","Perl"
"Davis CA","2356","R"
"Germany","2356","Clojure"
"Alsterbro, Sweden","2355","Python"
"Cologne, Germany","2354","PHP"
"Oviedo, Florida","2354","Shell"
"Frankfurt, Germany","2354","PHP"
"Minneapolis, Minnesota","2353","C"
"Beijing,China","2352","Java"
"Bellevue, WA","2352","JavaScript"
"Bandung, Indonesia","2349","JavaScript"
"Minsk, Belarus","2347","C"
"Hellas (Greece)","2346","C"